product_id,date_value,performance_label,yd_sale_amount,yd_sold_count
1729734094340655655,2024-18,high,77102.0,658.0
1729734094340655655,2024-19,low,7869.0,51.0
1729734094340655655,2024-20,high,15334.0,124.0
1729734094340655655,2024-21,high,30267.0,273.0
1729734094340655655,2024-22,high,56877.0,493.0
1729734094340655655,2024-23,high,71500.5,508.0
1729734094340655655,2024-24,high,23460.3,186.0
1729734094340655655,2024-25,middle,13564.65,98.0
1729734094340655655,2024-26,middle,8453.28,123.0
1729734094340655655,2024-27,middle,7647.48,62.0
1729734094340655655,2024-28,low,4093.0,27.0
1729734094340655655,2024-29,low,1002.0,8.0
1729734094340655655,2024-30,low,1131.0,9.0
1729734094340655655,2024-31,low,318.0,2.0
1729734094340655655,2024-32,low,99.0,1.0
1729734094340655655,2024-33,middle,7506.0,74.0
1729734094340655655,2024-34,middle,7299.4,73.0
1729734094340655655,2024-35,low,258.0,2.0
1729734094340655655,2024-36,low,302.1,4.0
1729734094340655655,2024-37,high,15595.8,195.0
1729734094340655655,2024-38,high,24297.3,333.0
1729734094340655655,2024-39,high,45540.0,460.0
1729734094340655655,2024-40,high,189210.0,1910.0
1729734094340655655,2024-41,high,64537.0,581.0
1729734094340655655,2024-42,high,65040.0,440.0
1729734094340655655,2024-43,middle,10800.0,100.0
1729734094340655655,2024-44,middle,12177.0,123.0
1729734094340655655,2024-45,middle,11781.0,119.0
1729734094340655655,2024-46,middle,5577.3,61.0
1729734094340655655,2024-47,middle,10944.0,96.0
1729734094340655655,2024-48,middle,9504.0,96.0
1729734094340655655,2024-49,middle,10494.0,106.0
1729734094340655655,2024-50,middle,6911.1,83.0
1729734094340655655,2024-51,middle,1987.5,16.0
1729734094340655655,2024-52,middle,2000.22,21.0
1729804835480963592,2024-18,top,211163.8,188.0
1729804835480963592,2024-19,top,242600.2,149.0
1729804835480963592,2024-20,high,12404.2,125.0
1729804835480963592,2024-21,top,263557.0,143.0
1729804835480963592,2024-22,top,229330.0,170.0
1729804835480963592,2024-23,high,22187.2,152.0
1729804835480963592,2024-24,top,409302.4,333.0
1729804835480963592,2024-25,top,223350.0,186.0
1729804835480963592,2024-26,top,96535.95,231.0
1729804835480963592,2024-27,top,39419.0,81.0
1729804835480963592,2024-28,high,28940.5,60.0
1729804835480963592,2024-29,high,15380.0,70.0
1729804835480963592,2024-30,low,2515.4,47.0
1729804835480963592,2024-31,low,1006.4,11.0
1729804835480963592,2024-32,low,1017.0,7.0
1729804835480963592,2024-33,middle,5592.6,49.0
1729804835480963592,2024-34,middle,2577.42,36.0
1729804835480963592,2024-35,middle,4246.8,37.0
1729804835480963592,2024-36,low,812.7,7.0
1729804835480963592,2024-37,low,154.8,4.0
1729804835480963592,2024-38,low,750.6,18.0
1729804835480963592,2024-39,middle,3067.4,32.0
1729804835480963592,2024-40,middle,7933.5,65.0
1729804835480963592,2024-41,low,258.0,2.0
1729804835480963592,2024-42,middle,3990.0,30.0
1729804835480963592,2024-43,low,258.0,2.0
1729804835480963592,2024-44,low,1161.0,9.0
1729804835480963592,2024-45,low,516.0,4.0
1729804835480963592,2024-46,non,,
1729804835480963592,2024-47,non,,
1729804835480963592,2024-48,low,129.0,1.0
1729804835480963592,2024-49,low,342.7,3.0
1729804835480963592,2024-50,middle,7494.7,87.0
1729804835480963592,2024-51,middle,8433.4,105.0
1729804835480963592,2024-52,low,1367.82,10.0
1729794079925832641,2024-18,high,48078.0,172.0
1729794079925832641,2024-19,middle,14136.0,57.0
1729794079925832641,2024-20,low,3720.0,15.0
1729794079925832641,2024-21,middle,7440.0,30.0
1729794079925832641,2024-22,middle,8048.0,26.0
1729794079925832641,2024-23,middle,4524.0,13.0
1729794079925832641,2024-24,non,,
1729794079925832641,2024-25,non,,
1729794079925832641,2024-26,non,,
1729794079925832641,2024-27,non,,
1729794079925832641,2024-28,non,,
1729794079925832641,2024-29,non,,
1729794079925832641,2024-30,non,,
1729794079925832641,2024-31,non,,
1729794079925832641,2024-32,non,,
1729794079925832641,2024-33,non,,
1729794079925832641,2024-34,non,,
1729794079925832641,2024-35,non,,
1729794079925832641,2024-36,non,,
1729794079925832641,2024-37,non,,
1729794079925832641,2024-38,non,,
1729794079925832641,2024-39,non,,
1729794079925832641,2024-40,non,,
1729794079925832641,2024-41,non,,
1729794079925832641,2024-42,non,,
1729794079925832641,2024-43,non,,
1729794079925832641,2024-44,non,,
1729794079925832641,2024-45,non,,
1729794079925832641,2024-46,non,,
1729794079925832641,2024-47,non,,
1729794079925832641,2024-48,non,,
1729794079925832641,2024-49,non,,
1729794079925832641,2024-50,non,,
1729794079925832641,2024-51,non,,
1729794079925832641,2024-52,non,,
1729820959591860877,2024-18,middle,15875.95,110.0
1729820959591860877,2024-19,middle,18882.03,128.0
1729820959591860877,2024-20,high,17452.37,118.0
1729820959591860877,2024-21,high,28012.0,188.0
1729820959591860877,2024-22,middle,14071.56,96.0
1729820959591860877,2024-23,middle,12933.2,88.0
1729820959591860877,2024-24,high,27868.2,213.0
1729820959591860877,2024-25,high,25984.2,220.0
1729820959591860877,2024-26,high,69678.36,471.0
1729820959591860877,2024-27,top,40287.38,274.0
1729820959591860877,2024-28,high,35416.2,238.0
1729820959591860877,2024-29,top,36759.0,246.0
1729820959591860877,2024-30,high,30247.0,203.0
1729820959591860877,2024-31,high,24883.0,167.0
1729820959591860877,2024-32,high,57588.5,418.0
1729820959591860877,2024-33,top,47595.3,429.0
1729820959591860877,2024-34,top,35885.28,458.0
1729820959591860877,2024-35,high,72726.6,519.0
1729820959591860877,2024-36,high,57860.1,506.0
1729820959591860877,2024-37,high,20856.3,258.0
1729820959591860877,2024-38,high,41252.9,326.0
1729820959591860877,2024-39,top,56834.17,448.0
1729820959591860877,2024-40,high,278850.0,1650.0
1729820959591860877,2024-41,high,47996.0,284.0
1729820959591860877,2024-42,high,50869.0,301.0
1729820959591860877,2024-43,high,41405.0,245.0
1729820959591860877,2024-44,high,41236.0,244.0
1729820959591860877,2024-45,high,55263.0,327.0
1729820959591860877,2024-46,high,38869.1,302.0
1729820959591860877,2024-47,high,51545.0,305.0
1729820959591860877,2024-48,high,43433.0,257.0
1729820959591860877,2024-49,high,38937.28,256.0
1729820959591860877,2024-50,high,22311.9,317.0
1729820959591860877,2024-51,high,26328.29,310.0
1729820959591860877,2024-52,high,36662.86,270.0
1729781234222468033,2024-18,middle,26558.0,98.0
1729781234222468033,2024-19,high,29894.0,110.0
1729781234222468033,2024-20,middle,10481.0,36.0
1729781234222468033,2024-21,middle,11924.0,44.0
1729781234222468033,2024-22,middle,25802.0,72.0
1729781234222468033,2024-23,middle,11730.0,30.0
1729781234222468033,2024-24,non,,
1729781234222468033,2024-25,non,,
1729781234222468033,2024-26,non,,
1729781234222468033,2024-27,non,,
1729781234222468033,2024-28,non,,
1729781234222468033,2024-29,non,,
1729781234222468033,2024-30,non,,
1729781234222468033,2024-31,non,,
1729781234222468033,2024-32,non,,
1729781234222468033,2024-33,non,,
1729781234222468033,2024-34,non,,
1729781234222468033,2024-35,non,,
1729781234222468033,2024-36,non,,
1729781234222468033,2024-37,non,,
1729781234222468033,2024-38,non,,
1729781234222468033,2024-39,non,,
1729781234222468033,2024-40,non,,
1729781234222468033,2024-41,non,,
1729781234222468033,2024-42,non,,
1729781234222468033,2024-43,non,,
1729781234222468033,2024-44,non,,
1729781234222468033,2024-45,non,,
1729781234222468033,2024-46,non,,
1729781234222468033,2024-47,non,,
1729781234222468033,2024-48,non,,
1729781234222468033,2024-49,non,,
1729781234222468033,2024-50,non,,
1729781234222468033,2024-51,non,,
1729781234222468033,2024-52,non,,
1729984180253264392,2024-18,middle,12608.0,97.0
1729984180253264392,2024-19,middle,17453.0,47.0
1729984180253264392,2024-20,middle,7908.0,42.0
1729984180253264392,2024-21,middle,15943.0,107.0
1729984180253264392,2024-22,middle,19179.0,111.0
1729984180253264392,2024-23,middle,13488.0,112.0
1729984180253264392,2024-24,high,24712.2,143.0
1729984180253264392,2024-25,middle,17826.0,120.0
1729984180253264392,2024-26,high,75472.0,178.0
1729984180253264392,2024-27,middle,10680.0,20.0
1729984180253264392,2024-28,middle,9179.0,21.0
1729984180253264392,2024-29,middle,7518.0,32.0
1729984180253264392,2024-30,middle,16394.0,114.0
1729984180253264392,2024-31,middle,19092.0,129.0
1729984180253264392,2024-32,middle,8253.0,79.0
1729984180253264392,2024-33,middle,5766.3,45.0
1729984180253264392,2024-34,low,1919.12,20.0
1729984180253264392,2024-35,middle,7195.0,34.0
1729984180253264392,2024-36,middle,5165.2,37.0
1729984180253264392,2024-37,low,1624.1,13.0
1729984180253264392,2024-38,middle,1132.4,9.0
1729984180253264392,2024-39,middle,2232.0,15.0
1729984180253264392,2024-40,low,3868.0,26.0
1729984180253264392,2024-41,low,149.0,1.0
1729984180253264392,2024-42,low,447.0,3.0
1729984180253264392,2024-43,low,596.0,4.0
1729984180253264392,2024-44,low,894.0,6.0
1729984180253264392,2024-45,low,894.0,6.0
1729984180253264392,2024-46,low,1788.0,12.0
1729984180253264392,2024-47,low,745.0,5.0
1729984180253264392,2024-48,low,1490.0,10.0
1729984180253264392,2024-49,low,596.0,4.0
1729984180253264392,2024-50,low,745.0,5.0
1729984180253264392,2024-51,low,1639.0,11.0
1729984180253264392,2024-52,middle,4470.0,30.0
1729643087225522691,2024-18,middle,34187.8,94.0
1729643087225522691,2024-19,high,31298.05,73.0
1729643087225522691,2024-20,top,22549.4,62.0
1729643087225522691,2024-21,middle,19276.1,53.0
1729643087225522691,2024-22,high,45462.5,125.0
1729643087225522691,2024-23,high,28004.9,77.0
1729643087225522691,2024-24,middle,20730.9,57.0
1729643087225522691,2024-25,middle,20730.9,57.0
1729643087225522691,2024-26,high,93107.2,256.0
1729643087225522691,2024-27,high,21822.0,60.0
1729643087225522691,2024-28,top,81105.1,223.0
1729643087225522691,2024-29,top,49099.5,135.0
1729643087225522691,2024-30,top,53100.2,146.0
1729643087225522691,2024-31,high,26550.1,73.0
1729643087225522691,2024-32,high,37097.4,102.0
1729643087225522691,2024-33,high,17792.2,49.0
1729643087225522691,2024-34,top,25822.7,71.0
1729643087225522691,2024-35,middle,17457.6,48.0
1729643087225522691,2024-36,high,9456.2,26.0
1729643087225522691,2024-37,high,51645.4,142.0
1729643087225522691,2024-38,high,22549.4,62.0
1729643087225522691,2024-39,high,28732.3,79.0
1729643087225522691,2024-40,high,206610.6,588.0
1729643087225522691,2024-41,high,29823.4,82.0
1729643087225522691,2024-42,middle,24367.9,67.0
1729643087225522691,2024-43,high,34915.2,96.0
1729643087225522691,2024-44,high,27277.5,75.0
1729643087225522691,2024-45,high,74337.2,206.0
1729643087225522691,2024-46,high,36961.1,103.0
1729643087225522691,2024-47,high,45826.2,126.0
1729643087225522691,2024-48,high,36006.3,99.0
1729643087225522691,2024-49,non,,
1729643087225522691,2024-50,non,,
1729643087225522691,2024-51,non,,
1729643087225522691,2024-52,non,,
1729656531041225193,2024-18,low,1652.55,24.0
1729656531041225193,2024-19,low,966.0,14.0
1729656531041225193,2024-20,low,2208.0,32.0
1729656531041225193,2024-21,low,2277.0,33.0
1729656531041225193,2024-22,low,1721.5,26.0
1729656531041225193,2024-23,low,1311.0,19.0
1729656531041225193,2024-24,low,2760.0,40.0
1729656531041225193,2024-25,low,2622.0,38.0
1729656531041225193,2024-26,middle,8487.0,123.0
1729656531041225193,2024-27,low,3864.0,56.0
1729656531041225193,2024-28,low,1932.0,28.0
1729656531041225193,2024-29,middle,3795.0,55.0
1729656531041225193,2024-30,middle,6486.0,94.0
1729656531041225193,2024-31,middle,6417.0,93.0
1729656531041225193,2024-32,middle,6762.0,98.0
1729656531041225193,2024-33,middle,4347.0,63.0
1729656531041225193,2024-34,high,7797.0,113.0
1729656531041225193,2024-35,middle,6900.0,100.0
1729656531041225193,2024-36,middle,8625.0,125.0
1729656531041225193,2024-37,high,10143.0,147.0
1729656531041225193,2024-38,middle,5658.0,82.0
1729656531041225193,2024-39,middle,5727.0,83.0
1729656531041225193,2024-40,middle,37836.15,550.0
1729656531041225193,2024-41,middle,6555.0,95.0
1729656531041225193,2024-42,middle,8280.0,120.0
1729656531041225193,2024-43,middle,4409.1,66.0
1729656531041225193,2024-44,middle,8004.0,116.0
1729656531041225193,2024-45,middle,5727.0,83.0
1729656531041225193,2024-46,middle,4278.0,62.0
1729656531041225193,2024-47,non,,
1729656531041225193,2024-48,non,,
1729656531041225193,2024-49,middle,5451.0,79.0
1729656531041225193,2024-50,middle,8349.0,121.0
1729656531041225193,2024-51,middle,8970.0,130.0
1729656531041225193,2024-52,middle,4830.0,70.0
1729852399450688401,2024-18,middle,11800.0,20.0
1729852399450688401,2024-19,low,2950.0,5.0
1729852399450688401,2024-20,non,,
1729852399450688401,2024-21,non,,
1729852399450688401,2024-22,non,,
1729852399450688401,2024-23,middle,4112.3,7.0
1729852399450688401,2024-24,low,1174.1,2.0
1729852399450688401,2024-25,low,1180.0,2.0
1729852399450688401,2024-26,middle,10620.0,18.0
1729852399450688401,2024-27,middle,8260.0,14.0
1729852399450688401,2024-28,low,4130.0,7.0
1729852399450688401,2024-29,low,590.0,1.0
1729852399450688401,2024-30,non,,
1729852399450688401,2024-31,non,,
1729852399450688401,2024-32,non,,
1729852399450688401,2024-33,non,,
1729852399450688401,2024-34,non,,
1729852399450688401,2024-35,non,,
1729852399450688401,2024-36,non,,
1729852399450688401,2024-37,non,,
1729852399450688401,2024-38,low,590.0,1.0
1729852399450688401,2024-39,non,,
1729852399450688401,2024-40,non,,
1729852399450688401,2024-41,middle,1593.0,3.0
1729852399450688401,2024-42,low,1121.0,2.0
1729852399450688401,2024-43,low,1121.0,2.0
1729852399450688401,2024-44,non,,
1729852399450688401,2024-45,non,,
1729852399450688401,2024-46,non,,
1729852399450688401,2024-47,non,,
1729852399450688401,2024-48,non,,
1729852399450688401,2024-49,non,,
1729852399450688401,2024-50,non,,
1729852399450688401,2024-51,low,1180.0,2.0
1729852399450688401,2024-52,low,590.0,1.0
1729577034937764542,2024-18,low,1409.76,16.0
1729577034937764542,2024-19,low,2156.22,22.0
1729577034937764542,2024-20,low,1667.16,17.0
1729577034937764542,2024-21,low,1474.19,21.0
1729577034937764542,2024-22,low,2544.94,29.0
1729577034937764542,2024-23,low,1840.2,18.0
1729577034937764542,2024-24,low,1308.0,12.0
1729577034937764542,2024-25,low,931.0,9.0
1729577034937764542,2024-26,low,7248.0,50.0
1729577034937764542,2024-27,low,7269.5,41.0
1729577034937764542,2024-28,middle,4565.5,23.0
1729577034937764542,2024-29,low,1089.5,10.0
1729577034937764542,2024-30,low,1639.0,17.0
1729577034937764542,2024-31,low,2112.0,24.0
1729577034937764542,2024-32,low,1052.5,18.0
1729577034937764542,2024-33,low,1054.5,14.0
1729577034937764542,2024-34,low,1583.1,18.0
1729577034937764542,2024-35,low,759.0,8.0
1729577034937764542,2024-36,middle,2937.56,34.0
1729577034937764542,2024-37,middle,2239.8,32.0
1729577034937764542,2024-38,middle,1020.0,17.0
1729577034937764542,2024-39,middle,2110.8,24.0
1729577034937764542,2024-40,middle,13090.63,151.0
1729577034937764542,2024-41,middle,2277.0,23.0
1729577034937764542,2024-42,middle,2320.6,25.0
1729577034937764542,2024-43,middle,1782.0,18.0
1729577034937764542,2024-44,middle,2673.0,27.0
1729577034937764542,2024-45,low,2200.0,25.0
1729577034937764542,2024-46,middle,2156.0,22.0
1729577034937764542,2024-47,low,2079.0,21.0
1729577034937764542,2024-48,middle,2277.0,23.0
1729577034937764542,2024-49,middle,3069.0,31.0
1729577034937764542,2024-50,low,1485.0,15.0
1729577034937764542,2024-51,middle,2044.5,24.0
1729577034937764542,2024-52,low,1485.0,15.0
1730161403839417077,2024-18,low,2495.0,15.0
1730161403839417077,2024-19,high,39039.0,231.0
1730161403839417077,2024-20,middle,10985.0,65.0
1730161403839417077,2024-21,middle,6084.0,36.0
1730161403839417077,2024-22,middle,5070.0,30.0
1730161403839417077,2024-23,low,2873.0,17.0
1730161403839417077,2024-24,non,,
1730161403839417077,2024-25,non,,
1730161403839417077,2024-26,non,,
1730161403839417077,2024-27,non,,
1730161403839417077,2024-28,non,,
1730161403839417077,2024-29,non,,
1730161403839417077,2024-30,non,,
1730161403839417077,2024-31,non,,
1730161403839417077,2024-32,non,,
1730161403839417077,2024-33,non,,
1730161403839417077,2024-34,non,,
1730161403839417077,2024-35,non,,
1730161403839417077,2024-36,non,,
1730161403839417077,2024-37,non,,
1730161403839417077,2024-38,non,,
1730161403839417077,2024-39,non,,
1730161403839417077,2024-40,non,,
1730161403839417077,2024-41,non,,
1730161403839417077,2024-42,non,,
1730161403839417077,2024-43,non,,
1730161403839417077,2024-44,non,,
1730161403839417077,2024-45,non,,
1730161403839417077,2024-46,non,,
1730161403839417077,2024-47,non,,
1730161403839417077,2024-48,non,,
1730161403839417077,2024-49,non,,
1730161403839417077,2024-50,non,,
1730161403839417077,2024-51,non,,
1730161403839417077,2024-52,non,,
1729704819681692106,2024-18,low,2100.0,14.0
1729704819681692106,2024-19,middle,8025.0,55.0
1729704819681692106,2024-20,middle,7850.0,51.0
1729704819681692106,2024-21,low,2850.0,19.0
1729704819681692106,2024-22,low,1650.0,11.0
1729704819681692106,2024-23,low,3001.52,23.0
1729704819681692106,2024-24,middle,9570.0,73.0
1729704819681692106,2024-25,middle,12195.8,57.0
1729704819681692106,2024-26,middle,11241.75,97.0
1729704819681692106,2024-27,low,5866.5,45.0
1729704819681692106,2024-28,middle,6619.0,52.0
1729704819681692106,2024-29,low,2514.5,21.0
1729704819681692106,2024-30,low,1714.0,16.0
1729704819681692106,2024-31,middle,5676.0,54.0
1729704819681692106,2024-32,middle,4163.8,41.0
1729704819681692106,2024-33,middle,5673.0,57.0
1729704819681692106,2024-34,low,218.0,2.0
1729704819681692106,2024-35,low,2507.0,23.0
1729704819681692106,2024-36,middle,2785.0,23.0
1729704819681692106,2024-37,middle,4350.0,29.0
1729704819681692106,2024-38,non,,
1729704819681692106,2024-39,non,,
1729704819681692106,2024-40,non,,
1729704819681692106,2024-41,low,447.0,4.0
1729704819681692106,2024-42,middle,3690.0,28.0
1729704819681692106,2024-43,middle,5238.0,39.0
1729704819681692106,2024-44,middle,3600.0,24.0
1729704819681692106,2024-45,middle,3750.0,25.0
1729704819681692106,2024-46,low,1950.0,13.0
1729704819681692106,2024-47,middle,2700.0,18.0
1729704819681692106,2024-48,non,,
1729704819681692106,2024-49,non,,
1729704819681692106,2024-50,middle,3150.0,21.0
1729704819681692106,2024-51,middle,2700.0,18.0
1729704819681692106,2024-52,middle,3750.0,25.0
1729582975019158099,2024-18,low,595.0,7.0
1729582975019158099,2024-19,low,1190.0,14.0
1729582975019158099,2024-20,non,,
1729582975019158099,2024-21,non,,
1729582975019158099,2024-22,low,510.0,6.0
1729582975019158099,2024-23,low,595.0,7.0
1729582975019158099,2024-24,low,2592.5,31.0
1729582975019158099,2024-25,low,3060.0,36.0
1729582975019158099,2024-26,low,5355.0,63.0
1729582975019158099,2024-27,low,1785.0,21.0
1729582975019158099,2024-28,low,3485.0,41.0
1729582975019158099,2024-29,low,1105.0,13.0
1729582975019158099,2024-30,middle,3230.0,38.0
1729582975019158099,2024-31,low,3230.0,38.0
1729582975019158099,2024-32,low,1955.0,23.0
1729582975019158099,2024-33,low,3995.0,47.0
1729582975019158099,2024-34,middle,3910.0,46.0
1729582975019158099,2024-35,middle,3825.0,45.0
1729582975019158099,2024-36,middle,2210.0,26.0
1729582975019158099,2024-37,low,765.0,9.0
1729582975019158099,2024-38,middle,1020.0,12.0
1729582975019158099,2024-39,low,1785.0,21.0
1729582975019158099,2024-40,low,7140.0,84.0
1729582975019158099,2024-41,low,510.0,6.0
1729582975019158099,2024-42,low,85.0,1.0
1729582975019158099,2024-43,middle,1700.0,20.0
1729582975019158099,2024-44,low,2210.0,26.0
1729582975019158099,2024-45,low,1955.0,23.0
1729582975019158099,2024-46,low,1615.0,19.0
1729582975019158099,2024-47,low,1275.0,15.0
1729582975019158099,2024-48,low,2210.0,26.0
1729582975019158099,2024-49,low,1105.0,13.0
1729582975019158099,2024-50,low,1445.0,17.0
1729582975019158099,2024-51,low,1785.0,21.0
1729582975019158099,2024-52,low,935.0,11.0
1729601218147421028,2024-18,low,197.0,7.0
1729601218147421028,2024-19,low,258.0,9.0
1729601218147421028,2024-20,low,217.5,10.0
1729601218147421028,2024-21,low,129.0,7.0
1729601218147421028,2024-22,low,122.0,7.0
1729601218147421028,2024-23,low,222.0,13.0
1729601218147421028,2024-24,low,212.0,8.0
1729601218147421028,2024-25,low,561.0,6.0
1729601218147421028,2024-26,low,188.0,2.0
1729601218147421028,2024-27,low,281.0,3.0
1729601218147421028,2024-28,low,376.0,4.0
1729601218147421028,2024-29,low,66.0,2.0
1729601218147421028,2024-30,low,33.0,1.0
1729601218147421028,2024-31,low,165.0,5.0
1729601218147421028,2024-32,low,33.0,1.0
1729601218147421028,2024-33,low,132.0,4.0
1729601218147421028,2024-34,non,,
1729601218147421028,2024-35,non,,
1729601218147421028,2024-36,low,167.0,5.0
1729601218147421028,2024-37,low,169.0,5.0
1729601218147421028,2024-38,low,66.0,2.0
1729601218147421028,2024-39,low,272.0,8.0
1729601218147421028,2024-40,low,1155.0,35.0
1729601218147421028,2024-41,low,206.0,6.0
1729601218147421028,2024-42,low,66.0,2.0
1729601218147421028,2024-43,low,330.0,10.0
1729601218147421028,2024-44,low,140.0,4.0
1729601218147421028,2024-45,low,561.0,17.0
1729601218147421028,2024-46,low,165.0,5.0
1729601218147421028,2024-47,low,198.0,6.0
1729601218147421028,2024-48,low,268.0,8.0
1729601218147421028,2024-49,low,649.0,13.0
1729601218147421028,2024-50,low,161.0,7.0
1729601218147421028,2024-51,low,322.0,14.0
1729601218147421028,2024-52,low,92.0,4.0
1729799684619471761,2024-18,low,2394.0,6.0
1729799684619471761,2024-19,low,1596.0,4.0
1729799684619471761,2024-20,low,798.0,2.0
1729799684619471761,2024-21,non,,
1729799684619471761,2024-22,non,,
1729799684619471761,2024-23,low,1388.07,4.0
1729799684619471761,2024-24,low,1580.04,4.0
1729799684619471761,2024-25,non,,
1729799684619471761,2024-26,non,,
1729799684619471761,2024-27,non,,
1729799684619471761,2024-28,non,,
1729799684619471761,2024-29,non,,
1729799684619471761,2024-30,non,,
1729799684619471761,2024-31,non,,
1729799684619471761,2024-32,non,,
1729799684619471761,2024-33,non,,
1729799684619471761,2024-34,non,,
1729799684619471761,2024-35,non,,
1729799684619471761,2024-36,non,,
1729799684619471761,2024-37,non,,
1729799684619471761,2024-38,non,,
1729799684619471761,2024-39,non,,
1729799684619471761,2024-40,non,,
1729799684619471761,2024-41,non,,
1729799684619471761,2024-42,non,,
1729799684619471761,2024-43,non,,
1729799684619471761,2024-44,non,,
1729799684619471761,2024-45,non,,
1729799684619471761,2024-46,non,,
1729799684619471761,2024-47,non,,
1729799684619471761,2024-48,non,,
1729799684619471761,2024-49,non,,
1729799684619471761,2024-50,non,,
1729799684619471761,2024-51,non,,
1729799684619471761,2024-52,non,,
1729834081962331025,2024-18,non,,
1729834081962331025,2024-19,low,390.0,1.0
1729834081962331025,2024-20,low,390.0,1.0
1729834081962331025,2024-21,non,,
1729834081962331025,2024-22,non,,
1729834081962331025,2024-23,low,3561.0,10.0
1729834081962331025,2024-24,non,,
1729834081962331025,2024-25,non,,
1729834081962331025,2024-26,low,2233.0,7.0
1729834081962331025,2024-27,middle,10230.0,22.0
1729834081962331025,2024-28,middle,19530.0,42.0
1729834081962331025,2024-29,middle,6915.0,26.0
1729834081962331025,2024-30,low,2160.0,9.0
1729834081962331025,2024-31,middle,5040.0,21.0
1729834081962331025,2024-32,low,1380.0,2.0
1729834081962331025,2024-33,low,690.0,1.0
1729834081962331025,2024-34,non,,
1729834081962331025,2024-35,non,,
1729834081962331025,2024-36,non,,
1729834081962331025,2024-37,non,,
1729834081962331025,2024-38,non,,
1729834081962331025,2024-39,non,,
1729834081962331025,2024-40,non,,
1729834081962331025,2024-41,non,,
1729834081962331025,2024-42,non,,
1729834081962331025,2024-43,non,,
1729834081962331025,2024-44,non,,
1729834081962331025,2024-45,non,,
1729834081962331025,2024-46,non,,
1729834081962331025,2024-47,non,,
1729834081962331025,2024-48,non,,
1729834081962331025,2024-49,non,,
1729834081962331025,2024-50,non,,
1729834081962331025,2024-51,low,1595.0,5.0
1729834081962331025,2024-52,non,,
1730259177890155409,2024-18,non,,
1730259177890155409,2024-19,non,,
1730259177890155409,2024-20,low,2356.0,4.0
1730259177890155409,2024-21,low,530.1,1.0
1730259177890155409,2024-22,low,589.0,1.0
1730259177890155409,2024-23,top,925097.0,1728.0
1730259177890155409,2024-24,non,,
1730259177890155409,2024-25,non,,
1730259177890155409,2024-26,non,,
1730259177890155409,2024-27,non,,
1730259177890155409,2024-28,non,,
1730259177890155409,2024-29,non,,
1730259177890155409,2024-30,non,,
1730259177890155409,2024-31,non,,
1730259177890155409,2024-32,non,,
1730259177890155409,2024-33,non,,
1730259177890155409,2024-34,non,,
1730259177890155409,2024-35,non,,
1730259177890155409,2024-36,non,,
1730259177890155409,2024-37,low,1146.33,3.0
1730259177890155409,2024-38,non,,
1730259177890155409,2024-39,non,,
1730259177890155409,2024-40,non,,
1730259177890155409,2024-41,non,,
1730259177890155409,2024-42,non,,
1730259177890155409,2024-43,non,,
1730259177890155409,2024-44,low,590.0,1.0
1730259177890155409,2024-45,non,,
1730259177890155409,2024-46,non,,
1730259177890155409,2024-47,non,,
1730259177890155409,2024-48,non,,
1730259177890155409,2024-49,non,,
1730259177890155409,2024-50,non,,
1730259177890155409,2024-51,non,,
1730259177890155409,2024-52,non,,
1730230593284705169,2024-18,non,,
1730230593284705169,2024-19,non,,
1730230593284705169,2024-20,low,870.0,3.0
1730230593284705169,2024-21,low,290.0,1.0
1730230593284705169,2024-22,low,780.0,2.0
1730230593284705169,2024-23,low,2220.0,6.0
1730230593284705169,2024-24,middle,3770.0,13.0
1730230593284705169,2024-25,non,,
1730230593284705169,2024-26,non,,
1730230593284705169,2024-27,non,,
1730230593284705169,2024-28,non,,
1730230593284705169,2024-29,non,,
1730230593284705169,2024-30,non,,
1730230593284705169,2024-31,non,,
1730230593284705169,2024-32,non,,
1730230593284705169,2024-33,non,,
1730230593284705169,2024-34,non,,
1730230593284705169,2024-35,non,,
1730230593284705169,2024-36,non,,
1730230593284705169,2024-37,low,239.0,1.0
1730230593284705169,2024-38,non,,
1730230593284705169,2024-39,non,,
1730230593284705169,2024-40,non,,
1730230593284705169,2024-41,low,59.0,1.0
1730230593284705169,2024-42,non,,
1730230593284705169,2024-43,non,,
1730230593284705169,2024-44,non,,
1730230593284705169,2024-45,non,,
1730230593284705169,2024-46,non,,
1730230593284705169,2024-47,non,,
1730230593284705169,2024-48,non,,
1730230593284705169,2024-49,non,,
1730230593284705169,2024-50,non,,
1730230593284705169,2024-51,non,,
1730230593284705169,2024-52,non,,
1730001484585732308,2024-18,non,,
1730001484585732308,2024-19,non,,
1730001484585732308,2024-20,non,,
1730001484585732308,2024-21,high,35621.0,199.0
1730001484585732308,2024-22,high,89310.0,390.0
1730001484585732308,2024-23,middle,14885.0,65.0
1730001484585732308,2024-24,non,,
1730001484585732308,2024-25,non,,
1730001484585732308,2024-26,middle,66284.05,371.0
1730001484585732308,2024-27,high,14843.0,67.0
1730001484585732308,2024-28,non,,
1730001484585732308,2024-29,non,,
1730001484585732308,2024-30,top,46839.0,234.0
1730001484585732308,2024-31,top,50707.0,263.0
1730001484585732308,2024-32,high,34339.0,241.0
1730001484585732308,2024-33,top,24391.0,129.0
1730001484585732308,2024-34,high,15440.0,110.0
1730001484585732308,2024-35,high,25441.0,124.0
1730001484585732308,2024-36,middle,4295.5,43.0
1730001484585732308,2024-37,middle,9300.0,50.0
1730001484585732308,2024-38,middle,5033.0,27.0
1730001484585732308,2024-39,middle,10982.0,58.0
1730001484585732308,2024-40,high,209930.0,920.0
1730001484585732308,2024-41,middle,13282.0,58.0
1730001484585732308,2024-42,high,49235.0,215.0
1730001484585732308,2024-43,high,43946.3,249.0
1730001484585732308,2024-44,high,48319.0,211.0
1730001484585732308,2024-45,high,31289.0,161.0
1730001484585732308,2024-46,high,29147.0,143.0
1730001484585732308,2024-47,high,28373.1,133.0
1730001484585732308,2024-48,middle,12366.0,54.0
1730001484585732308,2024-49,middle,7419.6,38.0
1730001484585732308,2024-50,middle,7350.9,58.0
1730001484585732308,2024-51,middle,9091.3,46.0
1730001484585732308,2024-52,high,21503.1,110.0
1729702613570914423,2024-18,non,,
1729702613570914423,2024-19,non,,
1729702613570914423,2024-20,non,,
1729702613570914423,2024-21,low,277.0,19.0
1729702613570914423,2024-22,low,280.0,20.0
1729702613570914423,2024-23,low,280.4,21.0
1729702613570914423,2024-24,low,401.0,27.0
1729702613570914423,2024-25,low,340.0,23.0
1729702613570914423,2024-26,low,663.0,54.0
1729702613570914423,2024-27,low,535.0,40.0
1729702613570914423,2024-28,low,337.5,27.0
1729702613570914423,2024-29,low,378.0,36.0
1729702613570914423,2024-30,low,235.0,19.0
1729702613570914423,2024-31,low,320.0,29.0
1729702613570914423,2024-32,low,200.0,20.0
1729702613570914423,2024-33,low,305.0,27.0
1729702613570914423,2024-34,low,240.0,16.0
1729702613570914423,2024-35,low,285.0,19.0
1729702613570914423,2024-36,low,342.0,24.0
1729702613570914423,2024-37,low,252.0,18.0
1729702613570914423,2024-38,low,294.0,21.0
1729702613570914423,2024-39,low,299.0,21.0
1729702613570914423,2024-40,low,1540.0,110.0
1729702613570914423,2024-41,low,297.0,20.0
1729702613570914423,2024-42,low,363.0,25.0
1729702613570914423,2024-43,low,247.0,17.0
1729702613570914423,2024-44,low,210.0,15.0
1729702613570914423,2024-45,low,266.0,19.0
1729702613570914423,2024-46,low,155.0,11.0
1729702613570914423,2024-47,low,60.0,4.0
1729702613570914423,2024-48,low,630.0,18.0
1729702613570914423,2024-49,low,700.0,20.0
1729702613570914423,2024-50,low,871.0,25.0
1729702613570914423,2024-51,low,871.0,25.0
1729702613570914423,2024-52,low,838.0,24.0
1729691957363968515,2024-18,non,,
1729691957363968515,2024-19,non,,
1729691957363968515,2024-20,non,,
1729691957363968515,2024-21,low,2185.8,6.0
1729691957363968515,2024-22,low,2185.8,6.0
1729691957363968515,2024-23,non,,
1729691957363968515,2024-24,non,,
1729691957363968515,2024-25,non,,
1729691957363968515,2024-26,low,2550.1,7.0
1729691957363968515,2024-27,low,3643.0,10.0
1729691957363968515,2024-28,low,728.6,2.0
1729691957363968515,2024-29,middle,8014.6,22.0
1729691957363968515,2024-30,low,1821.5,5.0
1729691957363968515,2024-31,low,2185.8,6.0
1729691957363968515,2024-32,middle,2185.8,6.0
1729691957363968515,2024-33,middle,8626.64,24.0
1729691957363968515,2024-34,middle,4371.6,12.0
1729691957363968515,2024-35,low,1092.9,3.0
1729691957363968515,2024-36,non,,
1729691957363968515,2024-37,non,,
1729691957363968515,2024-38,non,,
1729691957363968515,2024-39,non,,
1729691957363968515,2024-40,non,,
1729691957363968515,2024-41,middle,2550.1,7.0
1729691957363968515,2024-42,middle,5828.8,16.0
1729691957363968515,2024-43,low,728.6,2.0
1729691957363968515,2024-44,low,1457.2,4.0
1729691957363968515,2024-45,middle,9017.5,25.0
1729691957363968515,2024-46,low,1032.9,3.0
1729691957363968515,2024-47,middle,6557.4,18.0
1729691957363968515,2024-48,low,1457.2,4.0
1729691957363968515,2024-49,high,20400.8,56.0
1729691957363968515,2024-50,high,35337.1,97.0
1729691957363968515,2024-51,high,30236.9,83.0
1729691957363968515,2024-52,high,25291.1,77.0
1729615354081413635,2024-18,non,,
1729615354081413635,2024-19,non,,
1729615354081413635,2024-20,non,,
1729615354081413635,2024-21,low,716.2,2.0
1729615354081413635,2024-22,low,1074.3,3.0
1729615354081413635,2024-23,low,1074.3,3.0
1729615354081413635,2024-24,low,1074.3,3.0
1729615354081413635,2024-25,low,2506.7,7.0
1729615354081413635,2024-26,low,2506.7,7.0
1729615354081413635,2024-27,low,2148.6,6.0
1729615354081413635,2024-28,low,1790.5,5.0
1729615354081413635,2024-29,low,1790.5,5.0
1729615354081413635,2024-30,low,952.4,4.0
1729615354081413635,2024-31,low,1432.4,4.0
1729615354081413635,2024-32,low,1074.3,3.0
1729615354081413635,2024-33,low,1790.5,5.0
1729615354081413635,2024-34,non,,
1729615354081413635,2024-35,non,,
1729615354081413635,2024-36,low,716.2,2.0
1729615354081413635,2024-37,middle,4655.3,13.0
1729615354081413635,2024-38,non,,
1729615354081413635,2024-39,non,,
1729615354081413635,2024-40,middle,7623.2,22.0
1729615354081413635,2024-41,middle,2148.6,6.0
1729615354081413635,2024-42,low,716.2,2.0
1729615354081413635,2024-43,low,716.2,2.0
1729615354081413635,2024-44,middle,2506.7,7.0
1729615354081413635,2024-45,non,,
1729615354081413635,2024-46,non,,
1729615354081413635,2024-47,non,,
1729615354081413635,2024-48,non,,
1729615354081413635,2024-49,low,1074.3,3.0
1729615354081413635,2024-50,non,,
1729615354081413635,2024-51,non,,
1729615354081413635,2024-52,non,,
1729965187060239260,2024-18,non,,
1729965187060239260,2024-19,non,,
1729965187060239260,2024-20,non,,
1729965187060239260,2024-21,non,,
1729965187060239260,2024-22,middle,11797.0,41.0
1729965187060239260,2024-23,middle,8895.25,33.0
1729965187060239260,2024-24,middle,8909.0,31.0
1729965187060239260,2024-25,middle,8428.2,49.0
1729965187060239260,2024-26,low,8019.99,59.0
1729965187060239260,2024-27,middle,9402.68,41.0
1729965187060239260,2024-28,middle,14908.0,65.0
1729965187060239260,2024-29,middle,5786.0,40.0
1729965187060239260,2024-30,middle,10970.0,60.0
1729965187060239260,2024-31,middle,13551.0,59.0
1729965187060239260,2024-32,middle,9110.0,40.0
1729965187060239260,2024-33,low,2988.0,12.0
1729965187060239260,2024-34,middle,6850.0,30.0
1729965187060239260,2024-35,middle,5379.0,21.0
1729965187060239260,2024-36,low,1315.0,5.0
1729965187060239260,2024-37,middle,3646.0,14.0
1729965187060239260,2024-38,middle,1251.0,9.0
1729965187060239260,2024-39,low,1016.0,4.0
1729965187060239260,2024-40,middle,10166.0,34.0
1729965187060239260,2024-41,low,299.0,1.0
1729965187060239260,2024-42,middle,1703.0,7.0
1729965187060239260,2024-43,low,717.0,3.0
1729965187060239260,2024-44,middle,2392.0,8.0
1729965187060239260,2024-45,low,897.0,3.0
1729965187060239260,2024-46,low,338.0,2.0
1729965187060239260,2024-47,low,676.0,4.0
1729965187060239260,2024-48,low,299.0,1.0
1729965187060239260,2024-49,non,,
1729965187060239260,2024-50,non,,
1729965187060239260,2024-51,low,119.0,1.0
1729965187060239260,2024-52,low,598.0,2.0
1730351296311822517,2024-18,non,,
1730351296311822517,2024-19,non,,
1730351296311822517,2024-20,non,,
1730351296311822517,2024-21,non,,
1730351296311822517,2024-22,non,,
1730351296311822517,2024-23,top,1819780.0,619.0
1730351296311822517,2024-24,non,,
1730351296311822517,2024-25,non,,
1730351296311822517,2024-26,non,,
1730351296311822517,2024-27,non,,
1730351296311822517,2024-28,non,,
1730351296311822517,2024-29,non,,
1730351296311822517,2024-30,non,,
1730351296311822517,2024-31,non,,
1730351296311822517,2024-32,non,,
1730351296311822517,2024-33,non,,
1730351296311822517,2024-34,non,,
1730351296311822517,2024-35,non,,
1730351296311822517,2024-36,non,,
1730351296311822517,2024-37,non,,
1730351296311822517,2024-38,non,,
1730351296311822517,2024-39,non,,
1730351296311822517,2024-40,non,,
1730351296311822517,2024-41,non,,
1730351296311822517,2024-42,non,,
1730351296311822517,2024-43,non,,
1730351296311822517,2024-44,non,,
1730351296311822517,2024-45,non,,
1730351296311822517,2024-46,non,,
1730351296311822517,2024-47,non,,
1730351296311822517,2024-48,non,,
1730351296311822517,2024-49,non,,
1730351296311822517,2024-50,non,,
1730351296311822517,2024-51,non,,
1730351296311822517,2024-52,non,,
1729538352078490302,2024-18,non,,
1729538352078490302,2024-19,non,,
1729538352078490302,2024-20,non,,
1729538352078490302,2024-21,non,,
1729538352078490302,2024-22,non,,
1729538352078490302,2024-23,middle,6800.4,76.0
1729538352078490302,2024-24,middle,3108.6,32.0
1729538352078490302,2024-25,low,2081.54,27.0
1729538352078490302,2024-26,non,,
1729538352078490302,2024-27,low,4357.6,23.0
1729538352078490302,2024-28,low,2977.5,15.0
1729538352078490302,2024-29,low,1980.5,19.0
1729538352078490302,2024-30,middle,2752.2,28.0
1729538352078490302,2024-31,low,1786.95,19.0
1729538352078490302,2024-32,middle,3370.95,35.0
1729538352078490302,2024-33,low,1287.0,13.0
1729538352078490302,2024-34,low,275.77,14.0
1729538352078490302,2024-35,low,1797.84,19.0
1729538352078490302,2024-36,middle,1906.92,32.0
1729538352078490302,2024-37,middle,1976.7,27.0
1729538352078490302,2024-38,low,519.3,11.0
1729538352078490302,2024-39,middle,1847.45,20.0
1729538352078490302,2024-40,low,7480.71,85.0
1729538352078490302,2024-41,middle,1485.0,15.0
1729538352078490302,2024-42,low,1485.0,15.0
1729538352078490302,2024-43,low,1386.0,14.0
1729538352078490302,2024-44,low,1782.0,18.0
1729538352078490302,2024-45,low,837.0,9.0
1729538352078490302,2024-46,low,873.0,9.0
1729538352078490302,2024-47,low,1287.0,13.0
1729538352078490302,2024-48,low,1188.0,12.0
1729538352078490302,2024-49,low,1881.0,19.0
1729538352078490302,2024-50,low,1267.5,16.0
1729538352078490302,2024-51,low,756.8,13.0
1729538352078490302,2024-52,low,1287.0,13.0
1729831335181126545,2024-18,non,,
1729831335181126545,2024-19,non,,
1729831335181126545,2024-20,non,,
1729831335181126545,2024-21,non,,
1729831335181126545,2024-22,non,,
1729831335181126545,2024-23,low,358.35,1.0
1729831335181126545,2024-24,non,,
1729831335181126545,2024-25,non,,
1729831335181126545,2024-26,non,,
1729831335181126545,2024-27,non,,
1729831335181126545,2024-28,non,,
1729831335181126545,2024-29,non,,
1729831335181126545,2024-30,non,,
1729831335181126545,2024-31,non,,
1729831335181126545,2024-32,non,,
1729831335181126545,2024-33,non,,
1729831335181126545,2024-34,non,,
1729831335181126545,2024-35,non,,
1729831335181126545,2024-36,non,,
1729831335181126545,2024-37,non,,
1729831335181126545,2024-38,non,,
1729831335181126545,2024-39,non,,
1729831335181126545,2024-40,non,,
1729831335181126545,2024-41,non,,
1729831335181126545,2024-42,non,,
1729831335181126545,2024-43,non,,
1729831335181126545,2024-44,non,,
1729831335181126545,2024-45,non,,
1729831335181126545,2024-46,non,,
1729831335181126545,2024-47,non,,
1729831335181126545,2024-48,non,,
1729831335181126545,2024-49,non,,
1729831335181126545,2024-50,non,,
1729831335181126545,2024-51,non,,
1729831335181126545,2024-52,non,,
1730252659076860188,2024-18,non,,
1730252659076860188,2024-19,non,,
1730252659076860188,2024-20,non,,
1730252659076860188,2024-21,non,,
1730252659076860188,2024-22,non,,
1730252659076860188,2024-23,non,,
1730252659076860188,2024-24,middle,13313.2,184.0
1730252659076860188,2024-25,high,27788.65,205.0
1730252659076860188,2024-26,middle,39335.45,226.0
1730252659076860188,2024-27,middle,11602.5,65.0
1730252659076860188,2024-28,middle,6652.0,42.0
1730252659076860188,2024-29,low,2486.4,26.0
1730252659076860188,2024-30,low,1453.4,10.0
1730252659076860188,2024-31,low,2197.0,13.0
1730252659076860188,2024-32,low,1098.5,10.0
1730252659076860188,2024-33,low,1859.0,11.0
1730252659076860188,2024-34,low,701.77,7.0
1730252659076860188,2024-35,low,954.0,6.0
1730252659076860188,2024-36,low,572.4,5.0
1730252659076860188,2024-37,low,238.5,5.0
1730252659076860188,2024-38,low,556.5,7.0
1730252659076860188,2024-39,low,413.4,4.0
1730252659076860188,2024-40,low,1113.0,7.0
1730252659076860188,2024-41,low,159.0,1.0
1730252659076860188,2024-42,non,,
1730252659076860188,2024-43,non,,
1730252659076860188,2024-44,non,,
1730252659076860188,2024-45,non,,
1730252659076860188,2024-46,non,,
1730252659076860188,2024-47,non,,
1730252659076860188,2024-48,non,,
1730252659076860188,2024-49,non,,
1730252659076860188,2024-50,non,,
1730252659076860188,2024-51,non,,
1730252659076860188,2024-52,non,,
1730230596455992209,2024-18,non,,
1730230596455992209,2024-19,non,,
1730230596455992209,2024-20,non,,
1730230596455992209,2024-21,non,,
1730230596455992209,2024-22,non,,
1730230596455992209,2024-23,non,,
1730230596455992209,2024-24,low,583.11,1.0
1730230596455992209,2024-25,non,,
1730230596455992209,2024-26,non,,
1730230596455992209,2024-27,non,,
1730230596455992209,2024-28,non,,
1730230596455992209,2024-29,non,,
1730230596455992209,2024-30,non,,
1730230596455992209,2024-31,non,,
1730230596455992209,2024-32,non,,
1730230596455992209,2024-33,non,,
1730230596455992209,2024-34,non,,
1730230596455992209,2024-35,non,,
1730230596455992209,2024-36,non,,
1730230596455992209,2024-37,non,,
1730230596455992209,2024-38,non,,
1730230596455992209,2024-39,non,,
1730230596455992209,2024-40,non,,
1730230596455992209,2024-41,non,,
1730230596455992209,2024-42,non,,
1730230596455992209,2024-43,non,,
1730230596455992209,2024-44,non,,
1730230596455992209,2024-45,non,,
1730230596455992209,2024-46,non,,
1730230596455992209,2024-47,non,,
1730230596455992209,2024-48,non,,
1730230596455992209,2024-49,non,,
1730230596455992209,2024-50,non,,
1730230596455992209,2024-51,non,,
1730230596455992209,2024-52,non,,
1730358059062168064,2024-18,non,,
1730358059062168064,2024-19,non,,
1730358059062168064,2024-20,non,,
1730358059062168064,2024-21,non,,
1730358059062168064,2024-22,non,,
1730358059062168064,2024-23,non,,
1730358059062168064,2024-24,non,,
1730358059062168064,2024-25,high,100780.0,18.0
1730358059062168064,2024-26,non,,
1730358059062168064,2024-27,non,,
1730358059062168064,2024-28,non,,
1730358059062168064,2024-29,non,,
1730358059062168064,2024-30,non,,
1730358059062168064,2024-31,non,,
1730358059062168064,2024-32,non,,
1730358059062168064,2024-33,non,,
1730358059062168064,2024-34,non,,
1730358059062168064,2024-35,non,,
1730358059062168064,2024-36,non,,
1730358059062168064,2024-37,non,,
1730358059062168064,2024-38,non,,
1730358059062168064,2024-39,non,,
1730358059062168064,2024-40,non,,
1730358059062168064,2024-41,non,,
1730358059062168064,2024-42,non,,
1730358059062168064,2024-43,non,,
1730358059062168064,2024-44,non,,
1730358059062168064,2024-45,non,,
1730358059062168064,2024-46,non,,
1730358059062168064,2024-47,non,,
1730358059062168064,2024-48,non,,
1730358059062168064,2024-49,non,,
1730358059062168064,2024-50,non,,
1730358059062168064,2024-51,non,,
1730358059062168064,2024-52,non,,
1730230681117166481,2024-18,non,,
1730230681117166481,2024-19,non,,
1730230681117166481,2024-20,non,,
1730230681117166481,2024-21,non,,
1730230681117166481,2024-22,non,,
1730230681117166481,2024-23,non,,
1730230681117166481,2024-24,non,,
1730230681117166481,2024-25,non,,
1730230681117166481,2024-26,low,4280.0,2.0
1730230681117166481,2024-27,non,,
1730230681117166481,2024-28,non,,
1730230681117166481,2024-29,non,,
1730230681117166481,2024-30,non,,
1730230681117166481,2024-31,non,,
1730230681117166481,2024-32,non,,
1730230681117166481,2024-33,non,,
1730230681117166481,2024-34,non,,
1730230681117166481,2024-35,non,,
1730230681117166481,2024-36,non,,
1730230681117166481,2024-37,non,,
1730230681117166481,2024-38,non,,
1730230681117166481,2024-39,non,,
1730230681117166481,2024-40,middle,11295.0,5.0
1730230681117166481,2024-41,non,,
1730230681117166481,2024-42,non,,
1730230681117166481,2024-43,middle,5340.0,3.0
1730230681117166481,2024-44,non,,
1730230681117166481,2024-45,non,,
1730230681117166481,2024-46,non,,
1730230681117166481,2024-47,non,,
1730230681117166481,2024-48,non,,
1730230681117166481,2024-49,low,1965.0,1.0
1730230681117166481,2024-50,non,,
1730230681117166481,2024-51,non,,
1730230681117166481,2024-52,non,,
1729626768342223029,2024-18,non,,
1729626768342223029,2024-19,non,,
1729626768342223029,2024-20,non,,
1729626768342223029,2024-21,non,,
1729626768342223029,2024-22,non,,
1729626768342223029,2024-23,non,,
1729626768342223029,2024-24,non,,
1729626768342223029,2024-25,non,,
1729626768342223029,2024-26,non,,
1729626768342223029,2024-27,high,35521.5,21.0
1729626768342223029,2024-28,high,49053.5,29.0
1729626768342223029,2024-29,high,32437.0,22.0
1729626768342223029,2024-30,high,45173.0,32.0
1729626768342223029,2024-31,high,43780.0,31.0
1729626768342223029,2024-32,top,74426.0,53.0
1729626768342223029,2024-33,high,15124.0,10.0
1729626768342223029,2024-34,high,13731.0,9.0
1729626768342223029,2024-35,high,20298.0,12.0
1729626768342223029,2024-36,high,9950.0,5.0
1729626768342223029,2024-37,middle,7325.0,5.0
1729626768342223029,2024-38,middle,20510.0,14.0
1729626768342223029,2024-39,middle,7325.0,5.0
1729626768342223029,2024-40,low,3980.0,2.0
1729626768342223029,2024-41,non,,
1729626768342223029,2024-42,non,,
1729626768342223029,2024-43,non,,
1729626768342223029,2024-44,non,,
1729626768342223029,2024-45,non,,
1729626768342223029,2024-46,non,,
1729626768342223029,2024-47,non,,
1729626768342223029,2024-48,non,,
1729626768342223029,2024-49,middle,3980.0,2.0
1729626768342223029,2024-50,middle,3980.0,2.0
1729626768342223029,2024-51,non,,
1729626768342223029,2024-52,non,,
1730230619671726993,2024-18,non,,
1730230619671726993,2024-19,non,,
1730230619671726993,2024-20,non,,
1730230619671726993,2024-21,non,,
1730230619671726993,2024-22,non,,
1730230619671726993,2024-23,non,,
1730230619671726993,2024-24,non,,
1730230619671726993,2024-25,non,,
1730230619671726993,2024-26,non,,
1730230619671726993,2024-27,low,2301.0,1.0
1730230619671726993,2024-28,low,4452.0,2.0
1730230619671726993,2024-29,middle,11007.5,5.0
1730230619671726993,2024-30,middle,6570.0,3.0
1730230619671726993,2024-31,low,2190.0,1.0
1730230619671726993,2024-32,non,,
1730230619671726993,2024-33,non,,
1730230619671726993,2024-34,non,,
1730230619671726993,2024-35,non,,
1730230619671726993,2024-36,non,,
1730230619671726993,2024-37,non,,
1730230619671726993,2024-38,non,,
1730230619671726993,2024-39,non,,
1730230619671726993,2024-40,low,5950.0,3.0
1730230619671726993,2024-41,non,,
1730230619671726993,2024-42,non,,
1730230619671726993,2024-43,non,,
1730230619671726993,2024-44,non,,
1730230619671726993,2024-45,non,,
1730230619671726993,2024-46,non,,
1730230619671726993,2024-47,non,,
1730230619671726993,2024-48,non,,
1730230619671726993,2024-49,non,,
1730230619671726993,2024-50,non,,
1730230619671726993,2024-51,non,,
1730230619671726993,2024-52,non,,
1729995482628458841,2024-18,non,,
1729995482628458841,2024-19,non,,
1729995482628458841,2024-20,non,,
1729995482628458841,2024-21,non,,
1729995482628458841,2024-22,non,,
1729995482628458841,2024-23,non,,
1729995482628458841,2024-24,non,,
1729995482628458841,2024-25,non,,
1729995482628458841,2024-26,non,,
1729995482628458841,2024-27,non,,
1729995482628458841,2024-28,non,,
1729995482628458841,2024-29,high,12165.48,72.0
1729995482628458841,2024-30,high,23971.0,142.0
1729995482628458841,2024-31,middle,12269.2,91.0
1729995482628458841,2024-32,middle,14711.76,102.0
1729995482628458841,2024-33,high,13203.64,109.0
1729995482628458841,2024-34,middle,7598.29,92.0
1729995482628458841,2024-35,middle,8714.04,60.0
1729995482628458841,2024-36,low,858.6,6.0
1729995482628458841,2024-37,non,,
1729995482628458841,2024-38,non,,
1729995482628458841,2024-39,non,,
1729995482628458841,2024-40,non,,
1729995482628458841,2024-41,low,454.0,3.0
1729995482628458841,2024-42,low,1554.0,11.0
1729995482628458841,2024-43,low,485.0,3.0
1729995482628458841,2024-44,low,452.0,3.0
1729995482628458841,2024-45,low,1076.0,7.0
1729995482628458841,2024-46,low,766.0,4.0
1729995482628458841,2024-47,non,,
1729995482628458841,2024-48,non,,
1729995482628458841,2024-49,non,,
1729995482628458841,2024-50,non,,
1729995482628458841,2024-51,non,,
1729995482628458841,2024-52,non,,
1729860614473353712,2024-18,non,,
1729860614473353712,2024-19,non,,
1729860614473353712,2024-20,non,,
1729860614473353712,2024-21,non,,
1729860614473353712,2024-22,non,,
1729860614473353712,2024-23,non,,
1729860614473353712,2024-24,non,,
1729860614473353712,2024-25,non,,
1729860614473353712,2024-26,non,,
1729860614473353712,2024-27,non,,
1729860614473353712,2024-28,non,,
1729860614473353712,2024-29,non,,
1729860614473353712,2024-30,non,,
1729860614473353712,2024-31,top,95040.0,396.0
1729860614473353712,2024-32,top,77644.0,322.0
1729860614473353712,2024-33,non,,
1729860614473353712,2024-34,non,,
1729860614473353712,2024-35,middle,20148.0,69.0
1729860614473353712,2024-36,high,10080.0,42.0
1729860614473353712,2024-37,low,292.0,1.0
1729860614473353712,2024-38,low,876.0,3.0
1729860614473353712,2024-39,non,,
1729860614473353712,2024-40,non,,
1729860614473353712,2024-41,non,,
1729860614473353712,2024-42,non,,
1729860614473353712,2024-43,non,,
1729860614473353712,2024-44,non,,
1729860614473353712,2024-45,non,,
1729860614473353712,2024-46,non,,
1729860614473353712,2024-47,non,,
1729860614473353712,2024-48,non,,
1729860614473353712,2024-49,non,,
1729860614473353712,2024-50,non,,
1729860614473353712,2024-51,non,,
1729860614473353712,2024-52,non,,
1729435810924432364,2024-18,non,,
1729435810924432364,2024-19,non,,
1729435810924432364,2024-20,non,,
1729435810924432364,2024-21,non,,
1729435810924432364,2024-22,non,,
1729435810924432364,2024-23,non,,
1729435810924432364,2024-24,non,,
1729435810924432364,2024-25,non,,
1729435810924432364,2024-26,non,,
1729435810924432364,2024-27,non,,
1729435810924432364,2024-28,non,,
1729435810924432364,2024-29,non,,
1729435810924432364,2024-30,non,,
1729435810924432364,2024-31,middle,4976.7,46.0
1729435810924432364,2024-32,low,1319.7,9.0
1729435810924432364,2024-33,non,,
1729435810924432364,2024-34,non,,
1729435810924432364,2024-35,non,,
1729435810924432364,2024-36,non,,
1729435810924432364,2024-37,non,,
1729435810924432364,2024-38,non,,
1729435810924432364,2024-39,non,,
1729435810924432364,2024-40,non,,
1729435810924432364,2024-41,non,,
1729435810924432364,2024-42,non,,
1729435810924432364,2024-43,non,,
1729435810924432364,2024-44,non,,
1729435810924432364,2024-45,non,,
1729435810924432364,2024-46,non,,
1729435810924432364,2024-47,non,,
1729435810924432364,2024-48,non,,
1729435810924432364,2024-49,non,,
1729435810924432364,2024-50,non,,
1729435810924432364,2024-51,non,,
1729435810924432364,2024-52,non,,
1729572209196501810,2024-18,non,,
1729572209196501810,2024-19,non,,
1729572209196501810,2024-20,non,,
1729572209196501810,2024-21,non,,
1729572209196501810,2024-22,non,,
1729572209196501810,2024-23,non,,
1729572209196501810,2024-24,non,,
1729572209196501810,2024-25,non,,
1729572209196501810,2024-26,non,,
1729572209196501810,2024-27,non,,
1729572209196501810,2024-28,non,,
1729572209196501810,2024-29,non,,
1729572209196501810,2024-30,non,,
1729572209196501810,2024-31,low,192.0,17.0
1729572209196501810,2024-32,low,180.0,15.0
1729572209196501810,2024-33,low,72.0,6.0
1729572209196501810,2024-34,low,36.0,3.0
1729572209196501810,2024-35,low,24.0,2.0
1729572209196501810,2024-36,low,60.0,5.0
1729572209196501810,2024-37,low,144.0,12.0
1729572209196501810,2024-38,low,132.0,11.0
1729572209196501810,2024-39,low,84.0,7.0
1729572209196501810,2024-40,low,24.0,2.0
1729572209196501810,2024-41,non,,
1729572209196501810,2024-42,non,,
1729572209196501810,2024-43,non,,
1729572209196501810,2024-44,non,,
1729572209196501810,2024-45,non,,
1729572209196501810,2024-46,non,,
1729572209196501810,2024-47,non,,
1729572209196501810,2024-48,non,,
1729572209196501810,2024-49,non,,
1729572209196501810,2024-50,non,,
1729572209196501810,2024-51,non,,
1729572209196501810,2024-52,non,,
1729940554747840764,2024-18,non,,
1729940554747840764,2024-19,non,,
1729940554747840764,2024-20,non,,
1729940554747840764,2024-21,non,,
1729940554747840764,2024-22,non,,
1729940554747840764,2024-23,non,,
1729940554747840764,2024-24,non,,
1729940554747840764,2024-25,non,,
1729940554747840764,2024-26,non,,
1729940554747840764,2024-27,non,,
1729940554747840764,2024-28,non,,
1729940554747840764,2024-29,non,,
1729940554747840764,2024-30,non,,
1729940554747840764,2024-31,non,,
1729940554747840764,2024-32,low,104.6,54.0
1729940554747840764,2024-33,low,184.9,101.0
1729940554747840764,2024-34,low,117.78,66.0
1729940554747840764,2024-35,low,145.42,75.0
1729940554747840764,2024-36,low,343.73,106.0
1729940554747840764,2024-37,low,208.91,68.0
1729940554747840764,2024-38,low,218.27,89.0
1729940554747840764,2024-39,low,132.47,59.0
1729940554747840764,2024-40,low,832.12,210.0
1729940554747840764,2024-41,low,83.76,36.0
1729940554747840764,2024-42,low,40.8,18.0
1729940554747840764,2024-43,low,68.89,25.0
1729940554747840764,2024-44,low,114.67,34.0
1729940554747840764,2024-45,low,174.37,45.0
1729940554747840764,2024-46,low,78.12,18.0
1729940554747840764,2024-47,low,211.14,25.0
1729940554747840764,2024-48,low,87.8,20.0
1729940554747840764,2024-49,low,48.8,14.0
1729940554747840764,2024-50,low,88.15,19.0
1729940554747840764,2024-51,low,61.4,14.0
1729940554747840764,2024-52,low,30.1,7.0
1729940544977800043,2024-18,non,,
1729940544977800043,2024-19,non,,
1729940544977800043,2024-20,non,,
1729940544977800043,2024-21,non,,
1729940544977800043,2024-22,non,,
1729940544977800043,2024-23,non,,
1729940544977800043,2024-24,non,,
1729940544977800043,2024-25,non,,
1729940544977800043,2024-26,non,,
1729940544977800043,2024-27,non,,
1729940544977800043,2024-28,non,,
1729940544977800043,2024-29,non,,
1729940544977800043,2024-30,non,,
1729940544977800043,2024-31,non,,
1729940544977800043,2024-32,non,,
1729940544977800043,2024-33,low,37.32,21.0
1729940544977800043,2024-34,low,18.49,10.0
1729940544977800043,2024-35,low,6.73,11.0
1729940544977800043,2024-36,low,20.71,11.0
1729940544977800043,2024-37,low,30.79,13.0
1729940544977800043,2024-38,low,58.01,29.0
1729940544977800043,2024-39,low,14.07,7.0
1729940544977800043,2024-40,low,324.96,75.0
1729940544977800043,2024-41,low,68.11,34.0
1729940544977800043,2024-42,low,27.09,10.0
1729940544977800043,2024-43,low,17.36,4.0
1729940544977800043,2024-44,low,60.76,14.0
1729940544977800043,2024-45,low,21.7,5.0
1729940544977800043,2024-46,low,39.06,9.0
1729940544977800043,2024-47,low,313.4,19.0
1729940544977800043,2024-48,low,12.81,3.0
1729940544977800043,2024-49,low,23.79,5.0
1729940544977800043,2024-50,low,110.74,31.0
1729940544977800043,2024-51,low,8.68,2.0
1729940544977800043,2024-52,low,46.97,11.0
1729819745302449041,2024-18,non,,
1729819745302449041,2024-19,non,,
1729819745302449041,2024-20,non,,
1729819745302449041,2024-21,non,,
1729819745302449041,2024-22,non,,
1729819745302449041,2024-23,non,,
1729819745302449041,2024-24,non,,
1729819745302449041,2024-25,non,,
1729819745302449041,2024-26,non,,
1729819745302449041,2024-27,non,,
1729819745302449041,2024-28,non,,
1729819745302449041,2024-29,non,,
1729819745302449041,2024-30,non,,
1729819745302449041,2024-31,non,,
1729819745302449041,2024-32,non,,
1729819745302449041,2024-33,middle,6330.0,7.0
1729819745302449041,2024-34,low,990.0,1.0
1729819745302449041,2024-35,low,990.0,1.0
1729819745302449041,2024-36,non,,
1729819745302449041,2024-37,non,,
1729819745302449041,2024-38,middle,1620.0,2.0
1729819745302449041,2024-39,low,990.0,1.0
1729819745302449041,2024-40,low,6190.0,1.0
1729819745302449041,2024-41,non,,
1729819745302449041,2024-42,non,,
1729819745302449041,2024-43,non,,
1729819745302449041,2024-44,non,,
1729819745302449041,2024-45,non,,
1729819745302449041,2024-46,non,,
1729819745302449041,2024-47,non,,
1729819745302449041,2024-48,non,,
1729819745302449041,2024-49,non,,
1729819745302449041,2024-50,non,,
1729819745302449041,2024-51,non,,
1729819745302449041,2024-52,non,,
1730548408058939501,2024-18,non,,
1730548408058939501,2024-19,non,,
1730548408058939501,2024-20,non,,
1730548408058939501,2024-21,non,,
1730548408058939501,2024-22,non,,
1730548408058939501,2024-23,non,,
1730548408058939501,2024-24,non,,
1730548408058939501,2024-25,non,,
1730548408058939501,2024-26,non,,
1730548408058939501,2024-27,non,,
1730548408058939501,2024-28,non,,
1730548408058939501,2024-29,non,,
1730548408058939501,2024-30,non,,
1730548408058939501,2024-31,non,,
1730548408058939501,2024-32,non,,
1730548408058939501,2024-33,non,,
1730548408058939501,2024-34,non,,
1730548408058939501,2024-35,top,88837.0,343.0
1730548408058939501,2024-36,top,89355.0,345.0
1730548408058939501,2024-37,top,163057.0,763.0
1730548408058939501,2024-38,top,51970.0,250.0
1730548408058939501,2024-39,non,,
1730548408058939501,2024-40,non,,
1730548408058939501,2024-41,non,,
1730548408058939501,2024-42,non,,
1730548408058939501,2024-43,non,,
1730548408058939501,2024-44,non,,
1730548408058939501,2024-45,non,,
1730548408058939501,2024-46,non,,
1730548408058939501,2024-47,non,,
1730548408058939501,2024-48,non,,
1730548408058939501,2024-49,non,,
1730548408058939501,2024-50,non,,
1730548408058939501,2024-51,non,,
1730548408058939501,2024-52,non,,
1730570887393938332,2024-18,non,,
1730570887393938332,2024-19,non,,
1730570887393938332,2024-20,non,,
1730570887393938332,2024-21,non,,
1730570887393938332,2024-22,non,,
1730570887393938332,2024-23,non,,
1730570887393938332,2024-24,non,,
1730570887393938332,2024-25,non,,
1730570887393938332,2024-26,non,,
1730570887393938332,2024-27,non,,
1730570887393938332,2024-28,non,,
1730570887393938332,2024-29,non,,
1730570887393938332,2024-30,non,,
1730570887393938332,2024-31,non,,
1730570887393938332,2024-32,non,,
1730570887393938332,2024-33,non,,
1730570887393938332,2024-34,non,,
1730570887393938332,2024-35,top,115179.0,221.0
1730570887393938332,2024-36,top,59032.0,118.0
1730570887393938332,2024-37,top,136572.0,228.0
1730570887393938332,2024-38,top,70096.0,144.0
1730570887393938332,2024-39,top,61393.0,107.0
1730570887393938332,2024-40,high,251580.0,420.0
1730570887393938332,2024-41,high,14975.0,25.0
1730570887393938332,2024-42,high,44202.0,78.0
1730570887393938332,2024-43,high,40906.0,74.0
1730570887393938332,2024-44,high,59892.0,108.0
1730570887393938332,2024-45,high,49717.0,83.0
1730570887393938332,2024-46,high,47321.0,79.0
1730570887393938332,2024-47,high,38336.0,64.0
1730570887393938332,2024-48,high,23755.0,45.0
1730570887393938332,2024-49,middle,5763.0,17.0
1730570887393938332,2024-50,low,756.2,8.0
1730570887393938332,2024-51,high,18687.0,33.0
1730570887393938332,2024-52,middle,4792.0,8.0
1729619566352435698,2024-18,non,,
1729619566352435698,2024-19,non,,
1729619566352435698,2024-20,non,,
1729619566352435698,2024-21,non,,
1729619566352435698,2024-22,non,,
1729619566352435698,2024-23,non,,
1729619566352435698,2024-24,non,,
1729619566352435698,2024-25,non,,
1729619566352435698,2024-26,non,,
1729619566352435698,2024-27,non,,
1729619566352435698,2024-28,non,,
1729619566352435698,2024-29,non,,
1729619566352435698,2024-30,non,,
1729619566352435698,2024-31,non,,
1729619566352435698,2024-32,non,,
1729619566352435698,2024-33,non,,
1729619566352435698,2024-34,non,,
1729619566352435698,2024-35,low,544.0,17.0
1729619566352435698,2024-36,low,256.0,8.0
1729619566352435698,2024-37,low,288.0,9.0
1729619566352435698,2024-38,low,352.0,11.0
1729619566352435698,2024-39,low,416.0,13.0
1729619566352435698,2024-40,low,1568.0,49.0
1729619566352435698,2024-41,low,384.0,12.0
1729619566352435698,2024-42,low,96.0,3.0
1729619566352435698,2024-43,low,224.0,7.0
1729619566352435698,2024-44,low,384.0,12.0
1729619566352435698,2024-45,low,89.8,3.0
1729619566352435698,2024-46,low,384.0,12.0
1729619566352435698,2024-47,low,288.0,9.0
1729619566352435698,2024-48,low,192.0,6.0
1729619566352435698,2024-49,low,256.0,8.0
1729619566352435698,2024-50,low,64.0,2.0
1729619566352435698,2024-51,low,32.0,1.0
1729619566352435698,2024-52,low,96.0,3.0
1730013481652816408,2024-18,non,,
1730013481652816408,2024-19,non,,
1730013481652816408,2024-20,non,,
1730013481652816408,2024-21,non,,
1730013481652816408,2024-22,non,,
1730013481652816408,2024-23,non,,
1730013481652816408,2024-24,non,,
1730013481652816408,2024-25,non,,
1730013481652816408,2024-26,non,,
1730013481652816408,2024-27,non,,
1730013481652816408,2024-28,non,,
1730013481652816408,2024-29,non,,
1730013481652816408,2024-30,non,,
1730013481652816408,2024-31,non,,
1730013481652816408,2024-32,non,,
1730013481652816408,2024-33,non,,
1730013481652816408,2024-34,non,,
1730013481652816408,2024-35,non,,
1730013481652816408,2024-36,low,1122.88,44.0
1730013481652816408,2024-37,middle,1658.8,65.0
1730013481652816408,2024-38,middle,1403.6,55.0
1730013481652816408,2024-39,middle,1837.44,72.0
1730013481652816408,2024-40,low,7400.8,290.0
1730013481652816408,2024-41,low,1327.04,52.0
1730013481652816408,2024-42,low,1097.36,43.0
1730013481652816408,2024-43,low,1071.84,42.0
1730013481652816408,2024-44,low,1250.48,49.0
1730013481652816408,2024-45,low,1658.8,65.0
1730013481652816408,2024-46,low,1276.0,50.0
1730013481652816408,2024-47,low,1965.04,77.0
1730013481652816408,2024-48,low,944.24,37.0
1730013481652816408,2024-49,low,842.16,33.0
1730013481652816408,2024-50,low,1250.48,49.0
1730013481652816408,2024-51,low,1148.4,45.0
1730013481652816408,2024-52,low,842.16,33.0
1729983678487824904,2024-18,non,,
1729983678487824904,2024-19,non,,
1729983678487824904,2024-20,non,,
1729983678487824904,2024-21,non,,
1729983678487824904,2024-22,non,,
1729983678487824904,2024-23,non,,
1729983678487824904,2024-24,non,,
1729983678487824904,2024-25,non,,
1729983678487824904,2024-26,non,,
1729983678487824904,2024-27,non,,
1729983678487824904,2024-28,non,,
1729983678487824904,2024-29,non,,
1729983678487824904,2024-30,non,,
1729983678487824904,2024-31,non,,
1729983678487824904,2024-32,non,,
1729983678487824904,2024-33,non,,
1729983678487824904,2024-34,non,,
1729983678487824904,2024-35,non,,
1729983678487824904,2024-36,low,444.0,3.0
1729983678487824904,2024-37,low,44.7,1.0
1729983678487824904,2024-38,low,149.0,1.0
1729983678487824904,2024-39,non,,
1729983678487824904,2024-40,non,,
1729983678487824904,2024-41,non,,
1729983678487824904,2024-42,non,,
1729983678487824904,2024-43,non,,
1729983678487824904,2024-44,low,596.0,4.0
1729983678487824904,2024-45,low,149.0,1.0
1729983678487824904,2024-46,non,,
1729983678487824904,2024-47,non,,
1729983678487824904,2024-48,non,,
1729983678487824904,2024-49,low,298.0,2.0
1729983678487824904,2024-50,low,1192.0,8.0
1729983678487824904,2024-51,low,149.0,1.0
1729983678487824904,2024-52,low,149.0,1.0
1730817847784540341,2024-18,non,,
1730817847784540341,2024-19,non,,
1730817847784540341,2024-20,non,,
1730817847784540341,2024-21,non,,
1730817847784540341,2024-22,non,,
1730817847784540341,2024-23,non,,
1730817847784540341,2024-24,non,,
1730817847784540341,2024-25,non,,
1730817847784540341,2024-26,non,,
1730817847784540341,2024-27,non,,
1730817847784540341,2024-28,non,,
1730817847784540341,2024-29,non,,
1730817847784540341,2024-30,non,,
1730817847784540341,2024-31,non,,
1730817847784540341,2024-32,non,,
1730817847784540341,2024-33,non,,
1730817847784540341,2024-34,non,,
1730817847784540341,2024-35,non,,
1730817847784540341,2024-36,middle,5660.0,2.0
1730817847784540341,2024-37,non,,
1730817847784540341,2024-38,non,,
1730817847784540341,2024-39,non,,
1730817847784540341,2024-40,non,,
1730817847784540341,2024-41,non,,
1730817847784540341,2024-42,non,,
1730817847784540341,2024-43,non,,
1730817847784540341,2024-44,non,,
1730817847784540341,2024-45,non,,
1730817847784540341,2024-46,non,,
1730817847784540341,2024-47,non,,
1730817847784540341,2024-48,non,,
1730817847784540341,2024-49,non,,
1730817847784540341,2024-50,non,,
1730817847784540341,2024-51,non,,
1730817847784540341,2024-52,non,,
1730415046099962008,2024-18,non,,
1730415046099962008,2024-19,non,,
1730415046099962008,2024-20,non,,
1730415046099962008,2024-21,non,,
1730415046099962008,2024-22,non,,
1730415046099962008,2024-23,non,,
1730415046099962008,2024-24,non,,
1730415046099962008,2024-25,non,,
1730415046099962008,2024-26,non,,
1730415046099962008,2024-27,non,,
1730415046099962008,2024-28,non,,
1730415046099962008,2024-29,non,,
1730415046099962008,2024-30,non,,
1730415046099962008,2024-31,non,,
1730415046099962008,2024-32,non,,
1730415046099962008,2024-33,non,,
1730415046099962008,2024-34,non,,
1730415046099962008,2024-35,non,,
1730415046099962008,2024-36,non,,
1730415046099962008,2024-37,high,12194.0,96.0
1730415046099962008,2024-38,high,22249.0,91.0
1730415046099962008,2024-39,high,21554.0,86.0
1730415046099962008,2024-40,middle,146166.0,391.0
1730415046099962008,2024-41,high,20679.0,81.0
1730415046099962008,2024-42,middle,15654.0,66.0
1730415046099962008,2024-43,high,19425.0,75.0
1730415046099962008,2024-44,middle,11343.0,45.0
1730415046099962008,2024-45,middle,25273.0,69.0
1730415046099962008,2024-46,middle,7482.0,19.0
1730415046099962008,2024-47,middle,12935.0,36.0
1730415046099962008,2024-48,middle,7960.0,20.0
1730415046099962008,2024-49,middle,5771.0,18.0
1730415046099962008,2024-50,middle,4179.0,21.0
1730415046099962008,2024-51,middle,3582.0,18.0
1730415046099962008,2024-52,non,,
1730060037617126275,2024-18,non,,
1730060037617126275,2024-19,non,,
1730060037617126275,2024-20,non,,
1730060037617126275,2024-21,non,,
1730060037617126275,2024-22,non,,
1730060037617126275,2024-23,non,,
1730060037617126275,2024-24,non,,
1730060037617126275,2024-25,non,,
1730060037617126275,2024-26,non,,
1730060037617126275,2024-27,non,,
1730060037617126275,2024-28,non,,
1730060037617126275,2024-29,non,,
1730060037617126275,2024-30,non,,
1730060037617126275,2024-31,non,,
1730060037617126275,2024-32,non,,
1730060037617126275,2024-33,non,,
1730060037617126275,2024-34,non,,
1730060037617126275,2024-35,non,,
1730060037617126275,2024-36,non,,
1730060037617126275,2024-37,low,579.38,26.0
1730060037617126275,2024-38,low,712.0,32.0
1730060037617126275,2024-39,low,201.35,9.0
1730060037617126275,2024-40,low,22.47,1.0
1730060037617126275,2024-41,non,,
1730060037617126275,2024-42,non,,
1730060037617126275,2024-43,non,,
1730060037617126275,2024-44,non,,
1730060037617126275,2024-45,non,,
1730060037617126275,2024-46,non,,
1730060037617126275,2024-47,non,,
1730060037617126275,2024-48,non,,
1730060037617126275,2024-49,non,,
1730060037617126275,2024-50,non,,
1730060037617126275,2024-51,non,,
1730060037617126275,2024-52,non,,
1729587762221451966,2024-18,non,,
1729587762221451966,2024-19,non,,
1729587762221451966,2024-20,non,,
1729587762221451966,2024-21,non,,
1729587762221451966,2024-22,non,,
1729587762221451966,2024-23,non,,
1729587762221451966,2024-24,non,,
1729587762221451966,2024-25,non,,
1729587762221451966,2024-26,non,,
1729587762221451966,2024-27,non,,
1729587762221451966,2024-28,non,,
1729587762221451966,2024-29,non,,
1729587762221451966,2024-30,non,,
1729587762221451966,2024-31,non,,
1729587762221451966,2024-32,non,,
1729587762221451966,2024-33,non,,
1729587762221451966,2024-34,non,,
1729587762221451966,2024-35,non,,
1729587762221451966,2024-36,non,,
1729587762221451966,2024-37,middle,1990.0,14.0
1729587762221451966,2024-38,middle,1486.7,11.0
1729587762221451966,2024-39,low,1656.88,12.0
1729587762221451966,2024-40,middle,8289.63,60.0
1729587762221451966,2024-41,middle,1341.0,9.0
1729587762221451966,2024-42,low,745.0,5.0
1729587762221451966,2024-43,middle,1788.0,12.0
1729587762221451966,2024-44,low,1341.0,9.0
1729587762221451966,2024-45,low,2100.3,15.0
1729587762221451966,2024-46,middle,2077.02,14.0
1729587762221451966,2024-47,low,2682.0,18.0
1729587762221451966,2024-48,low,1341.0,9.0
1729587762221451966,2024-49,low,2086.0,14.0
1729587762221451966,2024-50,low,1341.0,9.0
1729587762221451966,2024-51,low,1043.0,7.0
1729587762221451966,2024-52,middle,1729.0,11.0
1730717674295429898,2024-18,non,,
1730717674295429898,2024-19,non,,
1730717674295429898,2024-20,non,,
1730717674295429898,2024-21,non,,
1730717674295429898,2024-22,non,,
1730717674295429898,2024-23,non,,
1730717674295429898,2024-24,non,,
1730717674295429898,2024-25,non,,
1730717674295429898,2024-26,non,,
1730717674295429898,2024-27,non,,
1730717674295429898,2024-28,non,,
1730717674295429898,2024-29,non,,
1730717674295429898,2024-30,non,,
1730717674295429898,2024-31,non,,
1730717674295429898,2024-32,non,,
1730717674295429898,2024-33,non,,
1730717674295429898,2024-34,non,,
1730717674295429898,2024-35,non,,
1730717674295429898,2024-36,non,,
1730717674295429898,2024-37,non,,
1730717674295429898,2024-38,non,,
1730717674295429898,2024-39,non,,
1730717674295429898,2024-40,top,723162.0,1528.0
1730717674295429898,2024-41,top,65623.0,137.0
1730717674295429898,2024-42,top,107868.2,285.0
1730717674295429898,2024-43,top,128945.0,305.0
1730717674295429898,2024-44,top,163818.0,342.0
1730717674295429898,2024-45,top,220340.0,460.0
1730717674295429898,2024-46,top,125977.0,263.0
1730717674295429898,2024-47,top,116809.0,251.0
1730717674295429898,2024-48,high,184894.0,386.0
1730717674295429898,2024-49,top,120245.0,295.0
1730717674295429898,2024-50,top,153510.0,390.0
1730717674295429898,2024-51,top,216261.0,459.0
1730717674295429898,2024-52,top,122151.0,304.0
1730151687194446360,2024-18,non,,
1730151687194446360,2024-19,non,,
1730151687194446360,2024-20,non,,
1730151687194446360,2024-21,non,,
1730151687194446360,2024-22,non,,
1730151687194446360,2024-23,non,,
1730151687194446360,2024-24,non,,
1730151687194446360,2024-25,non,,
1730151687194446360,2024-26,non,,
1730151687194446360,2024-27,non,,
1730151687194446360,2024-28,non,,
1730151687194446360,2024-29,non,,
1730151687194446360,2024-30,non,,
1730151687194446360,2024-31,non,,
1730151687194446360,2024-32,non,,
1730151687194446360,2024-33,non,,
1730151687194446360,2024-34,non,,
1730151687194446360,2024-35,non,,
1730151687194446360,2024-36,non,,
1730151687194446360,2024-37,non,,
1730151687194446360,2024-38,non,,
1730151687194446360,2024-39,non,,
1730151687194446360,2024-40,low,7076.58,249.0
1730151687194446360,2024-41,low,1051.54,37.0
1730151687194446360,2024-42,low,1278.9,45.0
1730151687194446360,2024-43,low,1108.38,39.0
1730151687194446360,2024-44,low,1421.0,50.0
1730151687194446360,2024-45,low,1108.38,39.0
1730151687194446360,2024-46,low,1307.32,46.0
1730151687194446360,2024-47,low,1818.88,64.0
1730151687194446360,2024-48,low,966.28,34.0
1730151687194446360,2024-49,low,1193.64,42.0
1730151687194446360,2024-50,low,1108.38,39.0
1730151687194446360,2024-51,low,1762.04,62.0
1730151687194446360,2024-52,middle,1904.14,67.0
1729655957827259034,2024-18,non,,
1729655957827259034,2024-19,non,,
1729655957827259034,2024-20,non,,
1729655957827259034,2024-21,non,,
1729655957827259034,2024-22,non,,
1729655957827259034,2024-23,non,,
1729655957827259034,2024-24,non,,
1729655957827259034,2024-25,non,,
1729655957827259034,2024-26,non,,
1729655957827259034,2024-27,non,,
1729655957827259034,2024-28,non,,
1729655957827259034,2024-29,non,,
1729655957827259034,2024-30,non,,
1729655957827259034,2024-31,non,,
1729655957827259034,2024-32,non,,
1729655957827259034,2024-33,non,,
1729655957827259034,2024-34,non,,
1729655957827259034,2024-35,non,,
1729655957827259034,2024-36,non,,
1729655957827259034,2024-37,non,,
1729655957827259034,2024-38,non,,
1729655957827259034,2024-39,non,,
1729655957827259034,2024-40,middle,45763.4,241.0
1729655957827259034,2024-41,non,,
1729655957827259034,2024-42,non,,
1729655957827259034,2024-43,middle,7201.0,38.0
1729655957827259034,2024-44,middle,7588.6,40.0
1729655957827259034,2024-45,middle,7258.0,55.0
1729655957827259034,2024-46,middle,11400.0,60.0
1729655957827259034,2024-47,middle,7980.0,42.0
1729655957827259034,2024-48,middle,10613.4,56.0
1729655957827259034,2024-49,high,15752.9,83.0
1729655957827259034,2024-50,middle,9917.24,81.0
1729655957827259034,2024-51,middle,10859.64,81.0
1729655957827259034,2024-52,middle,5434.0,46.0
1729676521479440565,2024-18,non,,
1729676521479440565,2024-19,non,,
1729676521479440565,2024-20,non,,
1729676521479440565,2024-21,non,,
1729676521479440565,2024-22,non,,
1729676521479440565,2024-23,non,,
1729676521479440565,2024-24,non,,
1729676521479440565,2024-25,non,,
1729676521479440565,2024-26,non,,
1729676521479440565,2024-27,non,,
1729676521479440565,2024-28,non,,
1729676521479440565,2024-29,non,,
1729676521479440565,2024-30,non,,
1729676521479440565,2024-31,non,,
1729676521479440565,2024-32,non,,
1729676521479440565,2024-33,non,,
1729676521479440565,2024-34,non,,
1729676521479440565,2024-35,non,,
1729676521479440565,2024-36,non,,
1729676521479440565,2024-37,non,,
1729676521479440565,2024-38,non,,
1729676521479440565,2024-39,non,,
1729676521479440565,2024-40,top,2453657.0,219.0
1729676521479440565,2024-41,top,324584.0,29.0
1729676521479440565,2024-42,top,306139.0,27.0
1729676521479440565,2024-43,top,372237.0,32.0
1729676521479440565,2024-44,top,248703.0,21.0
1729676521479440565,2024-45,top,544047.0,47.0
1729676521479440565,2024-46,top,336902.0,29.0
1729676521479440565,2024-47,top,244350.0,21.0
1729676521479440565,2024-48,top,268770.0,23.0
1729676521479440565,2024-49,top,104121.0,9.0
1729676521479440565,2024-50,top,394347.0,34.0
1729676521479440565,2024-51,top,115338.0,10.0
1729676521479440565,2024-52,top,57171.0,5.0
1730026779896154557,2024-18,non,,
1730026779896154557,2024-19,non,,
1730026779896154557,2024-20,non,,
1730026779896154557,2024-21,non,,
1730026779896154557,2024-22,non,,
1730026779896154557,2024-23,non,,
1730026779896154557,2024-24,non,,
1730026779896154557,2024-25,non,,
1730026779896154557,2024-26,non,,
1730026779896154557,2024-27,non,,
1730026779896154557,2024-28,non,,
1730026779896154557,2024-29,non,,
1730026779896154557,2024-30,non,,
1730026779896154557,2024-31,non,,
1730026779896154557,2024-32,non,,
1730026779896154557,2024-33,non,,
1730026779896154557,2024-34,non,,
1730026779896154557,2024-35,non,,
1730026779896154557,2024-36,non,,
1730026779896154557,2024-37,non,,
1730026779896154557,2024-38,non,,
1730026779896154557,2024-39,non,,
1730026779896154557,2024-40,middle,76975.0,154.0
1730026779896154557,2024-41,non,,
1730026779896154557,2024-42,non,,
1730026779896154557,2024-43,non,,
1730026779896154557,2024-44,high,45218.0,91.0
1730026779896154557,2024-45,middle,23975.0,48.0
1730026779896154557,2024-46,middle,6420.0,13.0
1730026779896154557,2024-47,middle,6841.0,14.0
1730026779896154557,2024-48,middle,13880.0,28.0
1730026779896154557,2024-49,high,18029.0,38.0
1730026779896154557,2024-50,high,17243.0,36.0
1730026779896154557,2024-51,middle,7992.0,18.0
1730026779896154557,2024-52,high,24138.0,51.0
1730254884859513048,2024-18,non,,
1730254884859513048,2024-19,non,,
1730254884859513048,2024-20,non,,
1730254884859513048,2024-21,non,,
1730254884859513048,2024-22,non,,
1730254884859513048,2024-23,non,,
1730254884859513048,2024-24,non,,
1730254884859513048,2024-25,non,,
1730254884859513048,2024-26,non,,
1730254884859513048,2024-27,non,,
1730254884859513048,2024-28,non,,
1730254884859513048,2024-29,non,,
1730254884859513048,2024-30,non,,
1730254884859513048,2024-31,non,,
1730254884859513048,2024-32,non,,
1730254884859513048,2024-33,non,,
1730254884859513048,2024-34,non,,
1730254884859513048,2024-35,non,,
1730254884859513048,2024-36,non,,
1730254884859513048,2024-37,non,,
1730254884859513048,2024-38,non,,
1730254884859513048,2024-39,non,,
1730254884859513048,2024-40,low,2184.5,135.0
1730254884859513048,2024-41,non,,
1730254884859513048,2024-42,low,285.3,19.0
1730254884859513048,2024-43,low,172.3,11.0
1730254884859513048,2024-44,low,417.5,25.0
1730254884859513048,2024-45,low,300.6,18.0
1730254884859513048,2024-46,low,168.5,11.0
1730254884859513048,2024-47,low,245.1,19.0
1730254884859513048,2024-48,low,411.0,30.0
1730254884859513048,2024-49,low,236.3,17.0
1730254884859513048,2024-50,low,1490.0,110.0
1730254884859513048,2024-51,low,890.1,69.0
1730254884859513048,2024-52,low,585.7,41.0
1729645863692044815,2024-18,non,,
1729645863692044815,2024-19,non,,
1729645863692044815,2024-20,non,,
1729645863692044815,2024-21,non,,
1729645863692044815,2024-22,non,,
1729645863692044815,2024-23,non,,
1729645863692044815,2024-24,non,,
1729645863692044815,2024-25,non,,
1729645863692044815,2024-26,non,,
1729645863692044815,2024-27,non,,
1729645863692044815,2024-28,non,,
1729645863692044815,2024-29,non,,
1729645863692044815,2024-30,non,,
1729645863692044815,2024-31,non,,
1729645863692044815,2024-32,non,,
1729645863692044815,2024-33,non,,
1729645863692044815,2024-34,non,,
1729645863692044815,2024-35,non,,
1729645863692044815,2024-36,non,,
1729645863692044815,2024-37,non,,
1729645863692044815,2024-38,non,,
1729645863692044815,2024-39,non,,
1729645863692044815,2024-40,middle,44926.8,64.0
1729645863692044815,2024-41,middle,6275.2,12.0
1729645863692044815,2024-42,middle,2815.4,7.0
1729645863692044815,2024-43,middle,11466.0,15.0
1729645863692044815,2024-44,middle,7644.0,10.0
1729645863692044815,2024-45,middle,3777.0,5.0
1729645863692044815,2024-46,low,764.4,1.0
1729645863692044815,2024-47,middle,9172.8,12.0
1729645863692044815,2024-48,non,,
1729645863692044815,2024-49,non,,
1729645863692044815,2024-50,middle,7088.4,11.0
1729645863692044815,2024-51,low,1528.8,2.0
1729645863692044815,2024-52,low,1528.8,2.0
1730992965601757704,2024-18,non,,
1730992965601757704,2024-19,non,,
1730992965601757704,2024-20,non,,
1730992965601757704,2024-21,non,,
1730992965601757704,2024-22,non,,
1730992965601757704,2024-23,non,,
1730992965601757704,2024-24,non,,
1730992965601757704,2024-25,non,,
1730992965601757704,2024-26,non,,
1730992965601757704,2024-27,non,,
1730992965601757704,2024-28,non,,
1730992965601757704,2024-29,non,,
1730992965601757704,2024-30,non,,
1730992965601757704,2024-31,non,,
1730992965601757704,2024-32,non,,
1730992965601757704,2024-33,non,,
1730992965601757704,2024-34,non,,
1730992965601757704,2024-35,non,,
1730992965601757704,2024-36,non,,
1730992965601757704,2024-37,non,,
1730992965601757704,2024-38,non,,
1730992965601757704,2024-39,non,,
1730992965601757704,2024-40,non,,
1730992965601757704,2024-41,non,,
1730992965601757704,2024-42,non,,
1730992965601757704,2024-43,non,,
1730992965601757704,2024-44,middle,23691.0,149.0
1730992965601757704,2024-45,middle,17172.0,108.0
1730992965601757704,2024-46,high,14787.0,93.0
1730992965601757704,2024-47,middle,11444.82,81.0
1730992965601757704,2024-48,middle,6429.96,47.0
1730992965601757704,2024-49,middle,11940.9,136.0
1730992965601757704,2024-50,high,19270.8,159.0
1730992965601757704,2024-51,high,16488.3,124.0
1730992965601757704,2024-52,high,16408.8,106.0
1730757251660876222,2024-18,non,,
1730757251660876222,2024-19,non,,
1730757251660876222,2024-20,non,,
1730757251660876222,2024-21,non,,
1730757251660876222,2024-22,non,,
1730757251660876222,2024-23,non,,
1730757251660876222,2024-24,non,,
1730757251660876222,2024-25,non,,
1730757251660876222,2024-26,non,,
1730757251660876222,2024-27,non,,
1730757251660876222,2024-28,non,,
1730757251660876222,2024-29,non,,
1730757251660876222,2024-30,non,,
1730757251660876222,2024-31,non,,
1730757251660876222,2024-32,non,,
1730757251660876222,2024-33,non,,
1730757251660876222,2024-34,non,,
1730757251660876222,2024-35,non,,
1730757251660876222,2024-36,non,,
1730757251660876222,2024-37,non,,
1730757251660876222,2024-38,non,,
1730757251660876222,2024-39,non,,
1730757251660876222,2024-40,non,,
1730757251660876222,2024-41,non,,
1730757251660876222,2024-42,non,,
1730757251660876222,2024-43,non,,
1730757251660876222,2024-44,middle,15194.0,142.0
1730757251660876222,2024-45,middle,17655.0,165.0
1730757251660876222,2024-46,middle,10593.0,99.0
1730757251660876222,2024-47,middle,7704.0,72.0
1730757251660876222,2024-48,middle,7044.0,72.0
1730757251660876222,2024-49,middle,13677.0,141.0
1730757251660876222,2024-50,high,15326.0,158.0
1730757251660876222,2024-51,high,11931.0,123.0
1730757251660876222,2024-52,low,388.0,4.0
1730230949190535252,2024-18,non,,
1730230949190535252,2024-19,non,,
1730230949190535252,2024-20,non,,
1730230949190535252,2024-21,non,,
1730230949190535252,2024-22,non,,
1730230949190535252,2024-23,non,,
1730230949190535252,2024-24,non,,
1730230949190535252,2024-25,non,,
1730230949190535252,2024-26,non,,
1730230949190535252,2024-27,non,,
1730230949190535252,2024-28,non,,
1730230949190535252,2024-29,non,,
1730230949190535252,2024-30,non,,
1730230949190535252,2024-31,non,,
1730230949190535252,2024-32,non,,
1730230949190535252,2024-33,non,,
1730230949190535252,2024-34,non,,
1730230949190535252,2024-35,non,,
1730230949190535252,2024-36,non,,
1730230949190535252,2024-37,non,,
1730230949190535252,2024-38,non,,
1730230949190535252,2024-39,non,,
1730230949190535252,2024-40,non,,
1730230949190535252,2024-41,non,,
1730230949190535252,2024-42,non,,
1730230949190535252,2024-43,non,,
1730230949190535252,2024-44,non,,
1730230949190535252,2024-45,high,45564.0,36.0
1730230949190535252,2024-46,middle,14326.0,12.0
1730230949190535252,2024-47,high,29072.0,23.0
1730230949190535252,2024-48,high,47632.0,38.0
1730230949190535252,2024-49,high,45504.0,36.0
1730230949190535252,2024-50,high,25280.0,20.0
1730230949190535252,2024-51,high,13820.0,11.0
1730230949190535252,2024-52,middle,4937.0,4.0
1729573624866900976,2024-18,non,,
1729573624866900976,2024-19,non,,
1729573624866900976,2024-20,non,,
1729573624866900976,2024-21,non,,
1729573624866900976,2024-22,non,,
1729573624866900976,2024-23,non,,
1729573624866900976,2024-24,non,,
1729573624866900976,2024-25,non,,
1729573624866900976,2024-26,non,,
1729573624866900976,2024-27,non,,
1729573624866900976,2024-28,non,,
1729573624866900976,2024-29,non,,
1729573624866900976,2024-30,non,,
1729573624866900976,2024-31,non,,
1729573624866900976,2024-32,non,,
1729573624866900976,2024-33,non,,
1729573624866900976,2024-34,non,,
1729573624866900976,2024-35,non,,
1729573624866900976,2024-36,non,,
1729573624866900976,2024-37,non,,
1729573624866900976,2024-38,non,,
1729573624866900976,2024-39,non,,
1729573624866900976,2024-40,non,,
1729573624866900976,2024-41,non,,
1729573624866900976,2024-42,non,,
1729573624866900976,2024-43,non,,
1729573624866900976,2024-44,non,,
1729573624866900976,2024-45,non,,
1729573624866900976,2024-46,non,,
1729573624866900976,2024-47,low,1003.0,17.0
1729573624866900976,2024-48,low,1062.0,18.0
1729573624866900976,2024-49,low,2242.0,38.0
1729573624866900976,2024-50,low,1298.0,22.0
1729573624866900976,2024-51,middle,2950.0,50.0
1729573624866900976,2024-52,middle,2478.0,42.0
1729980518490015941,2024-18,non,,
1729980518490015941,2024-19,non,,
1729980518490015941,2024-20,non,,
1729980518490015941,2024-21,non,,
1729980518490015941,2024-22,non,,
1729980518490015941,2024-23,non,,
1729980518490015941,2024-24,non,,
1729980518490015941,2024-25,non,,
1729980518490015941,2024-26,non,,
1729980518490015941,2024-27,non,,
1729980518490015941,2024-28,non,,
1729980518490015941,2024-29,non,,
1729980518490015941,2024-30,non,,
1729980518490015941,2024-31,non,,
1729980518490015941,2024-32,non,,
1729980518490015941,2024-33,non,,
1729980518490015941,2024-34,non,,
1729980518490015941,2024-35,non,,
1729980518490015941,2024-36,non,,
1729980518490015941,2024-37,non,,
1729980518490015941,2024-38,non,,
1729980518490015941,2024-39,non,,
1729980518490015941,2024-40,non,,
1729980518490015941,2024-41,non,,
1729980518490015941,2024-42,non,,
1729980518490015941,2024-43,non,,
1729980518490015941,2024-44,non,,
1729980518490015941,2024-45,non,,
1729980518490015941,2024-46,non,,
1729980518490015941,2024-47,non,,
1729980518490015941,2024-48,top,1484615.0,460.0
1729980518490015941,2024-49,high,74945.0,23.0
1729980518490015941,2024-50,non,,
1729980518490015941,2024-51,non,,
1729980518490015941,2024-52,non,,
1730191867986413641,2024-18,non,,
1730191867986413641,2024-19,non,,
1730191867986413641,2024-20,non,,
1730191867986413641,2024-21,non,,
1730191867986413641,2024-22,non,,
1730191867986413641,2024-23,non,,
1730191867986413641,2024-24,non,,
1730191867986413641,2024-25,non,,
1730191867986413641,2024-26,non,,
1730191867986413641,2024-27,non,,
1730191867986413641,2024-28,non,,
1730191867986413641,2024-29,non,,
1730191867986413641,2024-30,non,,
1730191867986413641,2024-31,non,,
1730191867986413641,2024-32,non,,
1730191867986413641,2024-33,non,,
1730191867986413641,2024-34,non,,
1730191867986413641,2024-35,non,,
1730191867986413641,2024-36,non,,
1730191867986413641,2024-37,non,,
1730191867986413641,2024-38,non,,
1730191867986413641,2024-39,non,,
1730191867986413641,2024-40,non,,
1730191867986413641,2024-41,non,,
1730191867986413641,2024-42,non,,
1730191867986413641,2024-43,non,,
1730191867986413641,2024-44,non,,
1730191867986413641,2024-45,non,,
1730191867986413641,2024-46,non,,
1730191867986413641,2024-47,non,,
1730191867986413641,2024-48,middle,7642.8,120.0
1730191867986413641,2024-49,middle,8682.49,131.0
1730191867986413641,2024-50,middle,7023.49,110.0
1730191867986413641,2024-51,middle,9822.67,143.0
1730191867986413641,2024-52,non,,
1730682381148457194,2024-18,non,,
1730682381148457194,2024-19,non,,
1730682381148457194,2024-20,non,,
1730682381148457194,2024-21,non,,
1730682381148457194,2024-22,non,,
1730682381148457194,2024-23,non,,
1730682381148457194,2024-24,non,,
1730682381148457194,2024-25,non,,
1730682381148457194,2024-26,non,,
1730682381148457194,2024-27,non,,
1730682381148457194,2024-28,non,,
1730682381148457194,2024-29,non,,
1730682381148457194,2024-30,non,,
1730682381148457194,2024-31,non,,
1730682381148457194,2024-32,non,,
1730682381148457194,2024-33,non,,
1730682381148457194,2024-34,non,,
1730682381148457194,2024-35,non,,
1730682381148457194,2024-36,non,,
1730682381148457194,2024-37,non,,
1730682381148457194,2024-38,non,,
1730682381148457194,2024-39,non,,
1730682381148457194,2024-40,non,,
1730682381148457194,2024-41,non,,
1730682381148457194,2024-42,non,,
1730682381148457194,2024-43,non,,
1730682381148457194,2024-44,non,,
1730682381148457194,2024-45,non,,
1730682381148457194,2024-46,non,,
1730682381148457194,2024-47,non,,
1730682381148457194,2024-48,non,,
1730682381148457194,2024-49,low,620.0,62.0
1730682381148457194,2024-50,low,420.0,42.0
1730682381148457194,2024-51,low,150.0,15.0
1730682381148457194,2024-52,non,,
1729605802690382619,2024-18,non,,
1729605802690382619,2024-19,non,,
1729605802690382619,2024-20,non,,
1729605802690382619,2024-21,non,,
1729605802690382619,2024-22,non,,
1729605802690382619,2024-23,non,,
1729605802690382619,2024-24,non,,
1729605802690382619,2024-25,non,,
1729605802690382619,2024-26,non,,
1729605802690382619,2024-27,non,,
1729605802690382619,2024-28,non,,
1729605802690382619,2024-29,non,,
1729605802690382619,2024-30,non,,
1729605802690382619,2024-31,non,,
1729605802690382619,2024-32,non,,
1729605802690382619,2024-33,non,,
1729605802690382619,2024-34,non,,
1729605802690382619,2024-35,non,,
1729605802690382619,2024-36,non,,
1729605802690382619,2024-37,non,,
1729605802690382619,2024-38,non,,
1729605802690382619,2024-39,non,,
1729605802690382619,2024-40,non,,
1729605802690382619,2024-41,non,,
1729605802690382619,2024-42,non,,
1729605802690382619,2024-43,non,,
1729605802690382619,2024-44,non,,
1729605802690382619,2024-45,non,,
1729605802690382619,2024-46,non,,
1729605802690382619,2024-47,non,,
1729605802690382619,2024-48,non,,
1729605802690382619,2024-49,non,,
1729605802690382619,2024-50,low,2773.5,46.0
1729605802690382619,2024-51,middle,5043.9,65.0
1729605802690382619,2024-52,middle,2301.36,55.0
1730142464532711583,2024-18,non,,
1730142464532711583,2024-19,non,,
1730142464532711583,2024-20,non,,
1730142464532711583,2024-21,non,,
1730142464532711583,2024-22,non,,
1730142464532711583,2024-23,non,,
1730142464532711583,2024-24,non,,
1730142464532711583,2024-25,non,,
1730142464532711583,2024-26,non,,
1730142464532711583,2024-27,non,,
1730142464532711583,2024-28,non,,
1730142464532711583,2024-29,non,,
1730142464532711583,2024-30,non,,
1730142464532711583,2024-31,non,,
1730142464532711583,2024-32,non,,
1730142464532711583,2024-33,non,,
1730142464532711583,2024-34,non,,
1730142464532711583,2024-35,non,,
1730142464532711583,2024-36,non,,
1730142464532711583,2024-37,non,,
1730142464532711583,2024-38,non,,
1730142464532711583,2024-39,non,,
1730142464532711583,2024-40,non,,
1730142464532711583,2024-41,non,,
1730142464532711583,2024-42,non,,
1730142464532711583,2024-43,non,,
1730142464532711583,2024-44,non,,
1730142464532711583,2024-45,non,,
1730142464532711583,2024-46,non,,
1730142464532711583,2024-47,non,,
1730142464532711583,2024-48,non,,
1730142464532711583,2024-49,non,,
1730142464532711583,2024-50,non,,
1730142464532711583,2024-51,low,1001.25,41.0
1730142464532711583,2024-52,low,375.0,15.0
